Stations,LAT,LON,Eng_Location
上井草駅,35.725258000000004,139.60295,"Japan, 〒167-0023 Tōkyō-to, Suginami City, Kamiigusa, 3-chōme, 上井草"
本駒込駅,35.72504,139.75365,"Honkomagome Station, Japan"
五反田駅,35.62616,139.7236,"Gotanda Station, 1 Chome Higashigotanda, Shinagawa City, Tokyo 141-0022, Japan"
鶯谷駅,35.721554,139.77907,"Japan, 鶯谷駅"
新宿御苑前駅,35.68858,139.71068,"Japan, 新宿御苑前駅"
亀戸駅,35.697296,139.82599,"Japan, 亀戸駅"
練馬駅,35.737843,139.65392,"Nerima, Nerima City, Tōkyō-to, Japan"
井荻駅,35.724674,139.61562,"Iogi, 5-chōme Shimoigusa, Suginami City, Tōkyō-to 167-0022, Japan"
高田馬場駅,35.713046999999996,139.70407,"Takadanobaba Station, 1 Chome-35-2 Takadanobaba, Shinjuku City, Tokyo 169-0075, Japan"
江戸川橋駅,35.709236,139.7341,"Japan, 〒112-0014 Tōkyō-to, Bunkyo City, Sekiguchi, 1-chōme, 江戸川橋駅"
大塚駅,35.73183,139.7281,"Otsuka Station, 3 Chome-33-1 Minamiotsuka, Toshima City, Tokyo 170-0005, Japan"
大島駅,35.68974,139.83437,"Ojima Station, 5 Chome-10-8 Ojima, Koto City, Tokyo 136-0072, Japan"
用賀駅,35.626343,139.63382,"Yoga Station, 2 Chome-39 Yoga, Setagaya City, Tokyo 158-0097, Japan"
保谷駅,35.748356,139.5676,"Hoya Station, 3 Chome-14-30 Higashicho, Nishitokyo, Tokyo 202-0012, Japan"
都立大学駅,35.617752,139.67639,"Toritsu-daigaku Station, 1 Chome-5-1 Nakane, Meguro City, Tokyo, Japan"
綾瀬駅,35.762314,139.82492,"Ayase, 3-chōme-1 Ayase, Adachi City, Tōkyō-to 120-0005, Japan"
葛西駅,35.663406,139.87312,"Kasai, Edogawa City, Tōkyō-to, Japan"
竹ノ塚駅,35.79439,139.79076,"Takenotsuka Station, Japan"
代々木八幡駅,35.669666,139.68892,"Yoyogi-Hachiman Station, 5-chōme-6 Yoyogi, Shibuya City, Tōkyō-to 151-0053, Japan"
平和台駅,35.75756,139.65433000000002,"Heiwadai Station, Japan"
巣鴨駅,35.733414,139.73928999999998,"Japan, 〒170-0002 Tokyo, 豊島区Sugamo, 1−16−８ 巣鴨駅"
学芸大学駅,35.628864,139.68533,"Gakugeidaigaku Station, Japan"
田町駅,35.645653,139.74765,"Tamachi Station, ５丁目-３４-7 芝 港区 東京都 108-0014, Japan"
品川駅,35.62847,139.73875,"Shinagawa Station, 3 Chome Takanawa, Minato City, Tokyo, Japan"
千駄木駅,35.72576,139.76335,"Sendagi Station, Japan"
大山駅,35.74853,139.70228999999998,"Oyama Station, 4 Ōyamachō, Itabashi City, Tōkyō-to 173-0023, Japan"
水天宮前駅,35.682990000000004,139.78516000000002,"Suitengu-Mae Station, 2 Chome-1-1 Nihonbashikakigaracho, Chuo City, Tokyo 103-0014, Japan"
東高円寺駅,35.705303,139.64967,"Kōenji Station, 4 Chome Koenjiminami, 杉並区 Tokyo, Japan"
北綾瀬駅,35.77701,139.8321,"Kita-Ayase Station, Japan"
地下鉄成増駅,35.776695000000004,139.6312,"Japan, 〒175-0094 Tōkyō-to, Itabashi City, Narimasu, 地下鉄成増"
三軒茶屋駅,35.643615999999994,139.6714,"Sangenjaya Station, 2 Chome-15 Taishido, Setagaya City, Tokyo 154-0004, Japan"
赤羽岩淵駅,35.783504,139.72182,"Akabane-Iwabuchi Station, １-５２-8 赤羽 北区 東京都 115-0045, Japan"
下高井戸駅,35.666138000000004,139.64095,"Shimotakaido Station, 3 Chome-29-17 Matsubara, Setagaya City, Tokyo 156-0043, Japan"
沼袋駅,35.71915,139.6648,"Numabukuro, 1-chōme-35 Numabukuro, Nakano City, Tōkyō-to 165-0025, Japan"
大泉学園駅,35.749359999999996,139.58655,"Japan, 大泉学園"
西小山駅,35.615691999999996,139.69887,"Nishikoyama Station, 6 Chome-３-10 Koyama, Shinagawa City, Tokyo 142-0062, Japan"
代々木上原駅,35.668987,139.67986000000002,"Japan, 〒151-0064 Tōkyō-to, Shibuya City, Uehara, 1-chōme−32, 代々木上原駅"
六本木一丁目駅,35.665462,139.739,"Roppongi-Itchome Station, Japan"
錦糸町駅,35.696740000000005,139.81448,"Japan, Tōkyō-to, Sumida City, 錦糸町"
大崎駅,35.61985,139.7282,"Osaki Station, Japan"
中野駅,35.705405999999996,139.66583,"Nakano, 5-chōme-31 Nakano, Nakano City, Tōkyō-to 164-0001, Japan"
麻布十番駅,35.65613,139.73688,"Japan, 麻布十番駅"
雑色駅,35.549526,139.71493999999998,"Zoshiki Station, Japan"
武蔵小山駅,35.620518,139.7044,"Musashi-Koyama Station, Japan"
上板橋駅,35.763615,139.6762,"Kami-Itabashi Station, Japan"
両国駅,35.695038000000004,139.79384,"Ryogoku Station, Japan"
北千住駅,35.749676,139.80534,"Kita-Senju Station, Japan"
武蔵関駅,35.72762,139.57637,"Japan, 〒177-0051 Tōkyō-to, Nerima City, Sekimachikita, 2-chōme, 武蔵関"
新小岩駅,35.717445,139.85863,"Shin-Koiwa Station, Katsushika City, Tōkyō-to, Japan"
西新宿五丁目駅,35.689888,139.68454,"Japan, 〒160-0023 Tōkyō-to, Shinjuku City, Nishishinjuku, 4-chōme−5, 西新宿五丁目"
日暮里駅,35.728157,139.77065,"Nippori Station, ２ 丁目 Nishinippori, Arakawa City, Tokyo, Japan"
日の出駅,35.649162,139.75908,"Hinode Station, Japan"
平井駅,35.706364,139.84239,"Hirai Station, 3-chōme-30 Hirai, Edogawa City, Tōkyō-to 132-0035, Japan"
西荻窪駅,35.703697,139.60019,"Japan, Tōkyō-to, Suginami City, 西荻窪"
浅草橋駅,35.697243,139.78624,"Asakusabashi Station, Japan"
池袋駅,35.729504,139.7109,"Japan, Tokyo, Toshima, 南池袋１丁目２８−１ Ikebukuro Station"
永福町駅,35.676272999999995,139.64262,"Eifukucho Station, Eifuku, Suginami City, Tokyo, Japan"
戸越駅,35.614525,139.71634,"Togoshi Station, 3 Chome-4-17 Togoshi, Shinagawa City, Tokyo 142-0041, Japan"
恵比寿駅,35.64673,139.7101,"Ebisu Station, Japan"
西永福駅,35.678875,139.63525,"Japan, 〒168-0064 Tōkyō-to, Suginami City, Eifuku, 西永福駅"
南砂町駅,35.668659999999996,139.83083,"Minami-Sunamachi Station, Japan"
尾久駅,35.746815000000005,139.75388,"Oku Station, １丁目-３-9 昭和町 北区 東京都 114-0011, Japan"
高円寺駅,35.705303,139.64967,"Kōenji Station, 4 Chome Koenjiminami, 杉並区 Tokyo, Japan"
神楽坂駅,35.70382,139.73451,"Kagurazaka Station, Japan"
豊島園駅,35.742090000000005,139.64919,"Japan, 〒176-0001 Tōkyō-to, Nerima City, Nerima, 4-chōme, 豊島園"
下丸子駅,35.571217,139.6858,"Shimomaruko Station, Japan"
石神井公園駅,35.743645,139.60655,"Shakujiikoen Station, Japan"
富士見台駅,35.735690000000005,139.62961,"Japan, Tōkyō-to, 富士見台"
光が丘駅,35.75845,139.62894,"Hikarigaoka Station, Japan"
幡ヶ谷駅,35.67706,139.6762,"Japan, 〒151-0072 Tōkyō-to, Shibuya City, Hatagaya, 2-chōme−14, 幡ヶ谷"
阿佐ヶ谷駅,35.704871999999995,139.63586,"Asagaya Station, ３丁目-１-20 阿佐谷南 杉並区 東京都 166-0004, Japan"
中井駅,35.71506,139.68729,"Nakai Station, 2 Chome-20-8 Kamiochiai, Shinjuku City, Tokyo 161-0034, Japan"
表参道駅,35.665253,139.7121,"Omote-Sando Station, 3 Chome-6-１２ Kitaaoyama, Minato City, Tokyo 107-0061, Japan"
洗足池駅,35.59986,139.69144,"Japan, 〒145-0065 Tōkyō-to, Ota City, Higashiyukigaya, 1-chōme−1, 洗足池"
東中野駅,35.70623,139.6838,"Higashi-Nakano Station, 3 Chome-8-16 Higashinakano, Nakano City, Tokyo, Japan"
お花茶屋駅,35.747593,139.8401,"Ohanajaya Station, Japan"
渋谷駅,35.658035,139.70163,"Shibuya Station, Shibuya City, Tokyo, Japan"
東武練馬駅,35.76867,139.66238,"Japan, 〒175-0083 Tōkyō-to, Itabashi City, Tokumaru, 2-chōme, 東武練馬"
笹塚駅,35.673653,139.66713000000001,"Sasazuka, 1-chōme-57 Sasazuka, Shibuya City, Tōkyō-to 151-0073, Japan"
成城学園前駅,35.64013,139.59909,"Seijogakuen-Mae Station, Japan"
西台駅,35.78706,139.67279,"Nishidai, Itabashi City, Tōkyō-to, Japan"
蒲田駅,35.56248,139.71608,"Kamata Station, ７丁目-２-3 西蒲田 大田区 東京都 144-0051, Japan"
飯田橋駅,35.702084,139.74503,"Iidabashi Station, ４丁目-９-5 飯田橋 千代田区 東京都 102-0072, Japan"
上中里駅,35.74658,139.74696,"Kaminakazato Station, 1 Chome Kaminakazato, Kita City, Tokyo 114-0016, Japan"
西馬込駅,35.587109999999996,139.70618000000002,"Nishi-Magome Station, 2 Chome-1-6 Nishimagome, Ota City, Tokyo 143-0026, Japan"
町屋駅,35.742252,139.78139,"Machiya Station, Japan"
板橋本町駅,35.76126,139.70553999999998,"Japan, 〒173-0012 東京都板橋区大和町17−1 Itabashihoncho Station"
中延駅,35.60582,139.71275,"Nakanobu Station, 2-9-12 東中延 品川区 東京都 Japan"
押上駅,35.71033,139.8133,"Oshiage station 'SKYTREE', 1 Chome-1-65 Oshiage, Sumida City, Tokyo 131-0045, Japan"
千歳船橋駅,35.647420000000004,139.62398000000002,"Chitose-Funabashi Station, Japan"
大森駅,35.588448,139.72787,"Ōmori Station, Japan"
中村橋駅,35.736774,139.63754,"NAKAMURABASHI Sta., 4 Chome-2-1 Nakamurakita, Nerima City, Tokyo 176-0023, Japan"
広尾駅,35.65084,139.72229,"Hiroo, Japan"
谷在家駅,35.788784,139.77003,"Japan, 〒123-0863 Tōkyō-to, Adachi City, Yazaike, 3-chōme, 谷在家駅"
池尻大橋駅,35.650627,139.68459,"Ikejiri-ōhashi Station, Japan"
谷塚駅,35.814217,139.80135,"Yatsuka Station, 1 Chome-6-40 Yatsuka, Soka, Saitama 340-0028, Japan"
護国寺駅,35.719124,139.72746,"Japan, 〒112-0013 Tōkyō-to, Bunkyo City, Otowa, 2-chōme−5, 護国寺"
石川台駅,35.59693,139.68527,"Ishikawadai Station, ２丁目-２３-1 東雪谷 大田区 東京都 145-0065, Japan"
自由が丘駅,35.607273,139.66867,"Jiyugaoka Station, Japan"
経堂駅,35.651276,139.63669,"Kyodo Station, Japan"
瑞江駅,35.693264,139.89767,"Mizue, 2-chōme-2 Mizue, Edogawa City, Tōkyō-to 132-0011, Japan"
若松河田駅,35.69923,139.7181,"Wakamatsu-Kawada Sta., 10-10 Kawadacho, Shinjuku City, Tokyo 162-0054, Japan"
篠崎駅,35.70595,139.90393,"Shinozaki, 7-chōme-27 Shinozakimachi, Edogawa City, Tōkyō-to 133-0061, Japan"
上野毛駅,35.611996000000005,139.63884,"Japan, 〒158-0093 Tōkyō-to, Setagaya City, Kaminoge, 1-chōme−13, 上野毛"
大森町駅,35.57247,139.73209,"Omorimachi Station, Japan"
新橋駅,35.666378,139.75835,"Japan, 東京都 港区新橋２丁目 Shimbashi Station"
神泉駅,35.657238,139.69365,"Shinsen Station, Japan"
王子駅,35.752285,139.73824,"Ōji Station, 1 Chome-10-18 Ōji, Kita City, Tokyo 114-0002, Japan"
上北沢駅,35.66887,139.62338,"Kamikitazawa Station, Japan"
新板橋駅,35.74881,139.72017,"Shin-Itabashi Station, 1 Chome-53-17 Itabashi, Itabashi City, Tokyo 173-0004, Japan"
清澄白河駅,35.68225,139.79878,"Kiyosumi-shirakawa Station, 1 Chome-6-13 Shirakawa, Koto City, Tokyo 135-0021, Japan"
曳舟駅,35.718371999999995,139.81691,"Hikifune Station, 2-chōme-27 Higashimukōjima, Sumida City, Tōkyō-to 131-0032, Japan"
板橋駅,35.745564,139.72002,"Itabashi Station, 7-chōme-4 Takinogawa, Kita City, Tōkyō-to 114-0023, Japan"
荏原中延駅,35.609962,139.71196,"Ebara-Nakanobu Station, 2-chōme-9 Nakanobu, Shinagawa City, Tōkyō-to 142-0053, Japan"
新御徒町駅,35.70706,139.78195,"Shin-Okachimachi Station, Japan"
五反野駅,35.76617,139.80928,"Gotanno Station, 3-chōme-34 Adachi, Adachi City, Tōkyō-to 120-0015, Japan"
初台駅,35.680984,139.68618999999998,"Hatsudai Station, Japan"
西新井駅,35.777176000000004,139.79041999999998,"Japan, 〒123-0843 Tōkyō-to, Adachi City, Nishiaraisakaechō, 2-chōme−1, 西新井"
田端駅,35.73816,139.76082,"Tabata Station, Japan"
赤羽駅,35.777695,139.72057,"Japan, 赤羽駅"
地下鉄赤塚駅,35.769978,139.64403000000001,"Chikatetsu-Akatsuka Station, 1-chōme-24 Akatsukashinmachi, Itabashi City, Tōkyō-to 175-0093, Japan"
荻窪駅,35.7045,139.61906000000002,"Ogikubo Station, 1 Chome Kamiogi, Suginami City, Tokyo 167-0043, Japan"
東長崎駅,35.729954,139.68323999999998,"Higashi-Nagasaki Station, Japan"
京成小岩駅,35.742207,139.88359,"Japan, 〒133-0051 Tōkyō-to, Edogawa City, Kitakoiwa, 京成小岩"
芦花公園駅,35.670544,139.60823,"Japan, Tōkyō-to, 3-chōme−4, 芦花公園"
下北沢駅,35.661570000000005,139.66699,"Shimo-Kitazawa Station, 2 Chome-24-2 Kitazawa, Setagaya City, Tokyo 155-0031, Japan"
京急蒲田駅,35.561221999999994,139.72413999999998,"Keikyu-Kamata Station, 4 Chome-50-10 Kamata, 大田区 Tokyo 144-0052, Japan"
船堀駅,35.683796,139.86395,"Funabori Station, Japan"
雑司が谷駅,35.7203,139.71472,"Zoshigaya Station, Japan"
森下駅,35.68802,139.7982,"Japan, Tokyo, 江東区森下２丁目１７−１７ Morishita Station"
西新井大師西駅,35.78148,139.7701,"Japan, Tōkyō-to, Adachi City, 西新井大師西"
四ツ谷駅,35.686153000000004,139.73022,"Yotsuya Station, 1-chōme Yotsuya, Shinjuku City, Tōkyō-to 160-0004, Japan"
桜上水駅,35.667587,139.63191,"Sakurajosui Station, Japan"
大井町駅,35.607616,139.73466000000002,"Oimachi Station, 1 Chome Ōi, Shinagawa City, Tokyo, Japan"
赤坂駅,35.67221,139.73637,"Akasaka Station, Japan"
馬喰町駅,35.69338,139.78242,"Bakurochō Station, １丁目-７-3 日本橋馬喰町 中央区 東京都 103-0002, Japan"
八幡山駅,35.66983,139.61613,"Hachimanyama Station, １-１-8 上高井戸 杉並区 東京都 168-0074, Japan"
王子神谷駅,35.765423,139.73563000000001,"Oji-kamiya Sta., Japan"
新高円寺駅,35.697845,139.64847,"Japan, Tōkyō-to, Suginami City, 新高円寺"
後楽園駅,35.708484999999996,139.75182,"Korakuen Station, 1 Chome-2-3 Kasuga, Bunkyo City, Tokyo 112-0003, Japan"
桜新町駅,35.631873999999996,139.64502,"Japan, 〒154-0015 Tōkyō-to, Setagaya City, Sakurashinmachi, 2-chōme, 桜新町"
早稲田駅,35.705837,139.72098,"Waseda Station, Japan"
明大前駅,35.66835,139.65056,"Meidai-Mae Station, Japan"
一之江駅,35.685936,139.88298,"Ichinoe Station, Japan"
千歳烏山駅,35.668182,139.60101,"Japan, 〒157-0062 Tōkyō-to, Setagaya City, Minamikarasuyama, 千歳烏山"
東日本橋駅,35.692153999999995,139.78485,"Higashi-Nihombashi Station, 3 Chome-11-8 Higashinihonbashi, Chuo City, Tokyo 103-0004, Japan"
牛込柳町駅,35.699604,139.72571000000002,"Japan, 〒162-0053 東京都新宿区原町2丁目32 Ushigome-Yanagicho Station"
池上駅,35.572094,139.70297,"Ikegami Station, ６丁目-３-10 池上 大田区 東京都 146-0082, Japan"
落合駅,35.710625,139.68613,"Ochiai, Higashinakano, Nakano City, Tōkyō-to 164-0003, Japan"
白山駅,35.721478000000005,139.75241,"Japan, 〒113-0001 Tokyo, Bunkyo City, 白山5-36-10 Hakusan Station"
見沼代親水公園駅,35.814556,139.77074,"Japan, 〒121-0831 Tōkyō-to, Adachi City, Toneri, 見沼代親水公園"
椎名町駅,35.72647,139.69492,"Shiinamachi Station, Japan"
多摩川駅,35.589496999999994,139.66878,"Tamagawa Station, １-５３-8 田園調布 大田区 東京都 145-0071, Japan"
京成金町駅,35.768612,139.8704,"Keisei-Kanamachi Station, 5-chōme-37 Kanamachi, Katsushika City, Tōkyō-to 125-0042, Japan"
茅場町駅,35.679848,139.779,"Japan, 茅場町駅"
金町駅,35.76954,139.87048000000001,"Kanamachi, Katsushika City, Tōkyō-to, Japan"
仙川駅,35.66236,139.58507,"Sengawa Station, Japan"
麹町駅,35.684364,139.73731999999998,"Japan, 〒102-0083 Tokyo, 千代田区 麹町3-2先 Kojimachi Station"
北池袋駅,35.740840000000006,139.71674,"Kita-Ikebukuro Station, 豊島区豊島清掃事務所 170-0011 36-6, １丁目-７-3 池袋本町 豊島区 東京都 170-0011, Japan"
南阿佐ヶ谷駅,35.699455,139.63556,"Japan, 〒166-0004 東京都杉並区阿佐谷南1丁目15−7 Minami-asagaya Station"
白金高輪駅,35.642853,139.73407,"Shirokanetakanawa Station, Japan"
上石神井駅,35.7262,139.59229,"Kamishakujii Station, Japan"
三田駅,35.647938,139.74857,"Mita Station, 5 Chome-18-8 Shiba, Minato City, Tokyo 108-0014, Japan"
駒沢大学駅,35.63305,139.66096000000002,"Komazawa-Daigaku Station, Japan"
北千束駅,35.606429999999996,139.69295,"Kita-Senzoku Station, 2-chōme-15 Kitasenzoku, Ota City, Tōkyō-to 145-0062, Japan"
千川駅,35.73809,139.68944,"Senkawa, 3-chōme Kanamechō, Toshima City, Tōkyō-to 171-0043, Japan"
志村三丁目駅,35.777527,139.68608,"Shimurasanchome Station, ３-２３-1 志村 板橋区 東京都 174-0056, Japan"
木場駅,35.669384,139.80685,"Kiba Station, Japan"
京成高砂駅,35.75096,139.86755,"Keisei-Takasago Station, Japan"
西日暮里駅,35.728157,139.77065,"Nippori Station, ２ 丁目 Nishinippori, Arakawa City, Tokyo, Japan"
池ノ上駅,35.660441999999996,139.67334,"Ikenoue Station, Japan"
人形町駅,35.686226,139.78207,"Ningyocho Station, 3-chōme-7 Nihonbashiningyōchō, Chuo City, Tōkyō-to 103-0013, Japan"
代官山駅,35.64809,139.70316,"Daikan-Yama Station, 19-4 Daikanyamacho, Shibuya City, Tokyo 150-0034, Japan"
入谷駅,35.72088,139.7847,"Iriya Station, 1 Chome-6-4 Iriya, Taito City, Tokyo 110-0013, Japan"
氷川台駅,35.749559999999995,139.66547,"Hikawadai Station, Japan"
練馬春日町駅,35.75119,139.64058,"Nerima-kasugacho Station, 3 Chome-29-２５ Kasugacho, Nerima City, Tokyo 179-0074, Japan"
三河島駅,35.733177000000005,139.77848999999998,"Mikawashima Station, 1 Chome Nishinippori, Arakawa City, Tokyo, Japan"
北参道駅,35.678368,139.70555,"Kita-Sando Station, Japan"
練馬高野台駅,35.740629999999996,139.61688,"Japan, 〒177-0033 Tokyo, 練馬区高野台１丁目７−２７ Nerimatakanodai Station"
曙橋駅,35.692375,139.72263,"Akebonobashi Station, Japan"
秋葉原駅,35.698383,139.77307,"Akihabara Station, １丁目-１５-4 外神田 千代田区 東京都 101-0021, Japan"
浜田山駅,35.681866,139.62715,"Hamadayama Station, Japan"
吉祥寺駅,35.703148,139.5798,"Japan, Tokyo, Musashino, 吉祥寺南町1丁目 Kichijoji Station"
十条駅,35.760258,139.72224,"Jujo, 1-chōme-12 Kamijūjō, Kita City, Tōkyō-to 114-0034, Japan"
千石駅,35.727875,139.74487,"Sengoku Station, 1-29-13 Sengoku, Bunkyo City, Tokyo 112-0011, Japan"
松原駅,35.660107,139.64201,"Matsubara Station, ４丁目-１０-8 松原 世田谷区 東京都 156-0043, Japan"
乃木坂駅,35.66649,139.72624,"Japan, 〒107-0062 東京都港区南青山１丁目２５−８ Nogizaka Station"
戸越公園駅,35.608913,139.71838,"Togoshi-Koen Station, Japan"
新桜台駅,35.741238,139.66881999999998,"Shin-Sakuradai Station, １丁目-２９-1 桜台 練馬区 東京都 176-0002, Japan"
水元そよ風園,35.789190000000005,139.86295,"5 Chome-16-11 Mizumoto, Katsushika City, Tokyo 125-0032, Japan"
祐天寺駅,35.637157,139.69075,"Japan, 〒153-0052 Tōkyō-to, Meguro City, Yūtenji, 2-chōme−13, 祐天寺"
四谷三丁目駅,35.68793,139.72063,"Yotsuya-Sanchome Station, Japan"
板橋区役所前駅,35.751259999999995,139.71002,"Itabashikuyakushomae Sta., 2 Chome-66-１７ Itabashi, Itabashi City, Tokyo 173-0004, Japan"
中野新橋駅,35.691959999999995,139.67375,"Japan, 〒164-0013 Tōkyō-to, Nakano City, Yayoichō, 2-chōme−25, 中野新橋"
西巣鴨駅,35.74333,139.72858,"Japan, 〒170-0001 Tōkyō-to, Toshima City, Nishisugamo, 3-chōme−25, 西巣鴨"
高島平駅,35.788918,139.66127,"Japan, 〒175-0082 Tōkyō-to, Itabashi City, Takashimadaira, 8-chōme−2, 高島平"
青物横丁駅,35.60928,139.74298000000002,"Japan, 〒140-0004 Tōkyō-to, Shinagawa City, Minamishinagawa, 青物横丁"
雪が谷大塚駅,35.591934,139.681,"Yukigaya-ōtsuka Sta., ２丁目-２-16 南雪谷 大田区 東京都 145-0066, Japan"
門前仲町駅,35.67203,139.79568,"Monzen-nakacho Station, Japan"
梅屋敷駅,35.566807,139.72824,"Umeyashiki Station, Japan"
新井薬師前駅,35.715790000000005,139.67195,"Araiyakushi-Mae Station, Japan"
本蓮沼駅,35.768809999999995,139.70218,"Motohasunuma Station, 7 Izumichō, Itabashi City, Tōkyō-to 174-0055, Japan"
湯島駅,35.70682,139.76998999999998,"Yushima Station, Japan"
代々木公園駅,35.6691,139.68976999999998,"Japan, Tōkyō-to, Shibuya City, 代々木公園"
方南町駅,35.683487,139.65791000000002,"Japan, Tōkyō-to, Suginami City, 12, 方南町"
ときわ台駅,35.758755,139.68916000000002,"Japan, Tōkyō-to, Itabashi City, 2-chōme−1, ときわ台"
祖師ヶ谷大蔵駅,35.64332,139.60957,"Soshigaya-Okura Station, Japan"
根津駅,35.717346,139.76573,"Nezu Station, Japan"
銀座一丁目駅,35.674393,139.76698000000002,"Japan, 〒104-0061 東京都中央区銀座1丁目7−12 Ginza-itchōme Station"
青砥駅,35.745846,139.85626000000002,"Aoto Station, Japan"
長原駅,35.60222,139.69797,"Nagahara, 1-chōme Kamiikedai, Ota City, Tōkyō-to 145-0064, Japan"
戸越銀座駅,35.615974,139.71503,"Japan, 〒142-0051 Tōkyō-to, Shinagawa City, Hiratsuka, 1-chōme, 戸越銀座"
成増駅,35.777412,139.63315,"Japan, 成増駅"
中野富士見町駅,35.69055,139.66693,"Nakanofujimicho Station, Japan"
新富町駅,35.670586,139.77351000000002,"Shintomicho Station, Japan"
小岩駅,35.732956,139.88187,"Koiwa, 7-chōme Minamikoiwa, Edogawa City, Tōkyō-to 133-0056, Japan"
浜町駅,35.688404,139.78773,"Hamacho Station, ２-５９-3 日本橋浜町 中央区 東京都 103-0007, Japan"
勝どき駅,35.658978000000005,139.77715,"Kachidoki Station, 2 Chome-10-15 Kachidoki, Chuo City, Tokyo, Japan"
東池袋駅,35.726017,139.719,"Japan, 〒170-0013 Tokyo, Toshima City, Higashiikebukuro, 4-4-4 Higashi-Ikebukuro Station"
代田橋駅,35.67107,139.6594,"Japan, Tōkyō-to, 代田橋駅"
新宿駅,35.68974,139.7004,"Shinjuku Station, 3 Chome Shinjuku, Shinjuku City, Tokyo 160-0022, Japan"
西新宿駅,35.694378,139.69288999999998,"Nishi-Shinjuku Station, Japan"
下井草駅,35.72387,139.6247,"Japan, 〒167-0022 Tōkyō-to, Suginami City, Shimoigusa, 2-chōme, 下井草"
東新宿駅,35.69793,139.70741,"Higashi-Shinjuku Station, 7 Chome-27-11 Shinjuku, Shinjuku City, Tokyo 160-0022, Japan"
東大島駅,35.689907,139.8475,"Higashi-Ojima Station, Japan"
牛込神楽坂駅,35.70086,139.73587,"Ushigome-Kagurazaka Station, Japan"
平和島駅,35.578693,139.73494,"Heiwajima Station, 6-chōme Ōmorikita, Ota City, Tōkyō-to 143-0016, Japan"
本郷三丁目駅,35.707497,139.76131999999998,"Hongo-sanchome Station, Japan"
大森海岸駅,35.587555,139.73532,"Japan, Tōkyō-to, 大森海岸"
西早稲田駅,35.707645,139.709,"Nishi-Waseda Station, 2 Chome-20-10 Nishiwaseda, Shinjuku City, Tokyo 169-0051, Japan"
御茶ノ水駅,35.699387,139.76523999999998,"Ochanomizu Station, 2 Chome Kanda Surugadai, Chiyoda City, Tokyo, Japan"
二子玉川駅,35.611484999999995,139.62646,"Futako-Tamagawa Station, 2 Chome-22-13 Tamagawa, Setagaya City, Tokyo, Japan"
尾山台駅,35.606976,139.6539,"Oyamadai Station, Japan"
半蔵門駅,35.685375,139.74165,"Hanzomon Station, Japan"
要町駅,35.733146999999995,139.69849,"Kanamecho, Toshima City, Tōkyō-to, Japan"
豊洲駅,35.65374,139.79546000000002,"Toyosu Sta., Japan"
南千住駅,35.73332,139.79906,"Minami-Senju Station, ４-５-2 南千住 荒川区 東京都 116-0003, Japan"
蓮根駅,35.7842,139.67902,"Renkon, Itabashi City, Tōkyō-to, Japan"
田原町駅,35.709804999999996,139.79076,"Tawaramachi Station, 1 Chome-1-18 Nishiasakusa, Taito City, Tokyo 111-0035, Japan"
馬喰横山駅,35.691963,139.78297,"Bakuroyokoyama Station, 4-13 Nihonbashiyokoyamacho, Chuo City, Tokyo 103-0003, Japan"
東十条駅,35.76395,139.72687,"Higashi-Jujo Station, Japan"
矢口渡駅,35.562447,139.70033,"Japan, 〒146-0095 Tōkyō-to, Ota City, Tamagawa, 1-chōme, 矢口渡"
立会川駅,35.59847,139.73893999999999,"Japan, Tōkyō-to, Shinagawa City, 立会川"
喜多見駅,35.636547,139.58725,"Kitami Station, Japan"
市ヶ谷駅,35.691013,139.73557,"Japan, 〒102-0076 Tokyo, Chiyoda City, Gobancho, 千代田 区 九段 南 ４ 丁目 新宿 区 市谷 田町 １ 丁目 Ichigaya Station"
六町駅,35.784896999999994,139.82164,"Rokucho Station, 4 Chome-4-18 Rokucho, Adachi City, Tokyo 121-0073, Japan"
本所吾妻橋駅,35.708607,139.80456999999998,"Honjo-Azumabashi Station, Japan"
三ノ輪駅,35.729626,139.79137,"Minowa Station, ５丁目-１９-6 根岸 台東区 東京都 110-0003, Japan"
六郷土手駅,35.54053,139.70758,"Japan, Tōkyō-to, Ota City, 六郷土手"
北赤羽駅,35.786625,139.70616,"Kita-Akabane Station, Japan"
蔵前駅,35.705193,139.79321000000002,"Kuramae Station, 2 Chome-3-１ Kuramae, Taito City, Tokyo 111-0051, Japan"
田園調布駅,35.596863,139.66733,"Japan, 〒145-0071 Tokyo, Ota City, 田園調布 3 丁目 25-18 Den-enchofu Station"
鵜の木駅,35.5755,139.68062,"Unoki Station, ２丁目-４-1 鵜の木 大田区 東京都 146-0091, Japan"
都立家政駅,35.722366,139.64455,"Toritsukasei Station, Japan"
神田駅,35.691821999999995,139.77094,"KANDA STATION, 2 Chome Kajicho, Chiyoda City, Tokyo, Japan"
駒込駅,35.736565,139.74701000000002,"Komagome Station, 2-chōme-1 Komagome, Toshima City, Tōkyō-to 170-0003, Japan"
千住大橋駅,35.74237,139.79726000000002,"Japan, 〒120-0038 Tōkyō-to, Adachi City, Senjuhashidochō, 千住大橋"
目白駅,35.721171999999996,139.70656,"Mejiro Station, 3 Chome Mejiro, Toshima City, Tokyo, Japan"
蓮沼駅,35.564198,139.70848,"Hasunuma, 3-chōme Higashiyaguchi, Ota City, Tōkyō-to 146-0094, Japan"
亀有駅,35.766537,139.84753,"Kameari, 3-chōme-25 Kameari, Katsushika City, Tōkyō-to 125-0061, Japan"
六本木駅,35.662865000000004,139.7315,"Japan, 六本木"
上町駅,35.64338,139.64671,"Kamimachi Station, 3 Chome-4-3 Setagaya, Setagaya City, Tokyo 154-0017, Japan"
西ヶ原駅,35.745926000000004,139.74223,"Japan, 〒114-0024 東京都北区西ケ原２丁目３ Nishigahara Station"
九段下駅,35.695479999999996,139.75116,"Kudanshita Station, 1 Chome-13-19 Kudankita, Chiyoda City, Tokyo, Japan"
梅ヶ丘駅,35.656017,139.65364,"Umegaoka Station, Japan"
とうきょうスカイツリー駅,35.710403,139.80916000000002,"Tokyo Skytree Station, Japan"
目黒駅,35.633915,139.71556,"Japan, Meguro Station"
江古田駅,35.73748,139.67274,"Japan, Tōkyō-to, Nerima City, 江古田"
梅島駅,35.772366,139.79802,"Umejima Station, Japan"
久が原駅,35.579838,139.68535,"Kugahara Sta., 2 Chome-6-10 Minamikugahara, Ota City, Tokyo 146-0084, Japan"
鷺ノ宮駅,35.72262,139.6399,"Japan, 〒165-0032 Tōkyō-to, Nakano City, Saginomiya, 3-chōme−15, 鷺ノ宮"
京成曳舟駅,35.7181,139.81963000000002,"Keisei Hikifune Station, Japan"
落合南長崎駅,35.7234,139.68347,"Japan, Tōkyō-to, Shinjuku City, 落合南長崎"
浜松町駅,35.65538,139.75713000000002,"Hamamatsuchō Station, 1 Chome Kaigan, Minato City, Tokyo 105-0022, Japan"
駒場東大前駅,35.658665,139.6845,"Komaba-Todai-Mae Station, Japan"
八丁堀駅,35.67459,139.77803,"Hatchobori Station, 3 Chome Hatchobori, Chuo City, Tokyo 104-0032, Japan"
志茂駅,35.77812,139.73247,"Shimo Station, Japan"
赤坂見附駅,35.677067,139.73737,"Japan, 赤坂見附駅"
西大井駅,35.60179,139.7218,"Nishi-Ōi Station, 1 Chome Nishioi, Shinagawa City, Tokyo, Japan"
新江古田駅,35.732594,139.67043999999999,"Japan, 〒165-0023 Tōkyō-to, Nakano City, Eharachō, 新江古田"
泉岳寺駅,35.638645000000004,139.73997,"Sengakuji Station, Japan"
西太子堂駅,35.64452,139.66634,"Nishi-Taishido Station, Japan"
鐘ヶ淵駅,35.733425,139.82,"Kanegafuchi Station, Japan"
大師前駅,35.778877,139.78163,"Daishi-Mae Station, １-３-1 西新井 足立区 東京都 123-0841, Japan"
新中野駅,35.69749,139.66893000000002,"Shin-Nakano Station, 4 Chome-2-15 Central, Nakano City, Tokyo 164-0011, Japan"
不動前駅,35.625766999999996,139.71356,"Fudomae Station, 3 Chome-9-12 Nishigotanda, Shinagawa City, Tokyo 141-0031, Japan"
中野坂上駅,35.697067,139.68216,"Japan, Tōkyō-to, Nakano City, 中野坂上"
柴又駅,35.756706,139.8755,"Shibamata Station, Japan"
中板橋駅,35.756145000000004,139.69463000000002,"Naka-itabashi Station, 33-1 Yayoicho, Itabashi City, Tokyo 173-0021, Japan"
上野駅,35.71417,139.7774,"Japan, 〒110-0005 Tokyo, Taito City, Ueno, 7 丁目 Ueno Station"
新大塚駅,35.726067,139.72939,"Japan, 〒112-0012 Tōkyō-to, Bunkyo City, Ōtsuka, 4-chōme−52, 新大塚"
住吉駅,35.689014,139.81583,"Sumiyoshi Station, Edogawa City, Tokyo, Japan"
緑が丘駅,35.606506,139.67915,"Midorigaoka Station, ３丁目-１-12 緑が丘 目黒区 東京都 152-0034, Japan"
下板橋駅,35.7457,139.71487,"Shimo-itabashi Station, 4-chōme-43 Ikebukurohonchō, Toshima City, Tōkyō-to 170-0011, Japan"
野方駅,35.719685,139.65321,"Nogata, 2 Nogata, Nakano City, Tōkyō-to 165-0027, Japan"
品川シーサイド駅,35.609446999999996,139.7497,"Japan, 〒140-0002 Tōkyō-to, Shinagawa City, Higashishinagawa, 4-chōme−12, 品川シーサイド"
下落合駅,35.71568,139.6953,"Japan, Tōkyō-to, Shinjuku City, 17, 下落合"
竹芝駅,35.653965,139.76192,"Takeshiba Station, Japan"
小竹向原駅,35.74334,139.67952,"Kotake-Mukaihara Station, Japan"
大久保駅,35.70173,139.69613999999999,"Japan, 〒169-0073 Tōkyō-to, Shinjuku City, Hyakuninchō, 18, 大久保駅"
糀谷駅,35.554474,139.72977,"Kojiya, 4-chōme Nishikōjiya, Ota City, Tōkyō-to 144-0034, Japan"
中目黒駅,35.64416,139.69884,"Naka-Meguro Station, 3-4-1 Kamimeguro, 目黒区 Tokyo 153-0051, Japan"
有明テニスの森駅,35.640076,139.78883000000002,"Ariake-tennis-no-mori Sta., 1-chōme-9 Ariake, Koto City, Tōkyō-to 135-0063, Japan"
牛田駅,35.744385,139.8113,"Ushida Station, Japan"
新高島平駅,35.790226000000004,139.65428,"Shin-Takashimadaira Station, 7 Chome-1 Takashimadaira, Itabashi City, Tokyo 175-0082, Japan"
小台駅,35.750479999999996,139.76173,"Odai Station, Japan"
月島駅,35.66386,139.78409,"Tsukishima Station, Japan"
西高島平駅,35.79189,139.64588999999998,"Japan, 〒175-0082 Tōkyō-to, Itabashi City, Takashimadaira, 西高島平"
若林駅,35.645992,139.65993,"Wakabayashi Station, Japan"
八広駅,35.72725,139.82835,"Yahiro Station, Japan"
大鳥居駅,35.552279999999996,139.74016,"Japan, Tōkyō-to, Ota City, 大鳥居"
菊川駅,35.6884,139.8061,"Tōkyō-to, Sumida City, Kikukawa, 3-chōme−16−2"
大岡山駅,35.607487,139.68563999999998,"Ōokayama Sta., 3 Chome-27-1 Kitasenzoku, Ota City, Tokyo 145-0062, Japan"
三鷹台駅,35.692066,139.58931,"Japan, 〒181-0001 Tōkyō-to, Mitaka, Inokashira, 1-chōme, 三鷹台"
堀切菖蒲園駅,35.74762,139.82745,"Horikirishōbuen Sta., Japan"
京成立石駅,35.738279999999996,139.8486,"Keisei-Tateishi Station, Japan"
新柴又駅,35.75104,139.8794,"Japan, 〒125-0052 Tōkyō-to, Katsushika City, Shibamata, 5-chōme, 新柴又"
扇大橋駅,35.76389,139.77086,"Ogi-Ohashi Station, Japan"
辰巳駅,35.64577,139.81035,"Tatsumi Station, Japan"
仲御徒町駅,35.706627000000005,139.7762,"Japan, 〒110-0005 東京都台東区上野5丁目24−12 Naka-Okachimachi Sta."
武蔵新田駅,35.567978000000004,139.6922,"Musashi-Nitta Station, １丁目-１８-1 矢口 大田区 東京都 146-0093, Japan"
赤羽橋駅,35.654984000000006,139.744,"Akabanebashi Station, 1 Chome-28-13 Higashiazabu, Minato City, Tokyo 106-0044, Japan"
松陰神社前駅,35.644005,139.65526,"Shoin-jinja-mae Station, 4 Chome-21-16 Wakabayashi, Setagaya City, Tokyo 154-0023, Japan"
鬼子母神前駅,35.720055,139.71468000000002,"Kishibojimmae Station, Japan"
千鳥町駅,35.573,139.69142,"Chidoricho Station, Japan"
熊野前駅,35.748528,139.76985,"Kumanomae Station, 3 Chome-37-6 Higashiogu, Arakawa City, Tokyo 116-0012, Japan"
虎ノ門駅,35.6702,139.74973,"Japan, 〒105-0001 Tōkyō-to, Minato City, Toranomon, 1-chōme−3, 虎ノ門駅"
茗荷谷駅,35.717372999999995,139.73678999999998,"Myogadani Sta., 4 Chome-6-15 Kohinata, Bunkyo City, Tokyo 112-0006, Japan"
四ツ木駅,35.731903,139.83487,"Japan, Tōkyō-to, Katsushika City, 1, 四ツ木"
江北駅,35.773876,139.77042,"Kohoku Station, Japan"
高井戸駅,35.68326,139.61518999999998,"Japan, 〒168-0071 Tōkyō-to, Suginami City, Takaidonishi, 2-chōme−1, 高井戸"
潮見駅,35.658733000000005,139.8174,"Shiomi Station, Japan"
浅草駅,35.710793,139.79776,"Asakusa Station, 1 Chome-1-3 Asakusa, Taito City, Tokyo 111-0032, Japan"
東大前駅,35.71782,139.75801,"Todai-Mae Station, Japan"
桜台駅,35.7387,139.66238,"Sakuradai, Nerima City, Tōkyō-to, Japan"
高輪台駅,35.63166,139.73033,"Takanawadai Station, Japan"
洗足駅,35.610413,139.6944,"Senzoku Station, 2 Chome-21 Senzoku, Meguro City, Tokyo 152-0012, Japan"
東北沢駅,35.665432,139.67302,"Japan, 〒155-0031 Tōkyō-to, Setagaya City, Kitazawa, 東北沢"
穴守稲荷駅,35.550391999999995,139.74675,"Japan, Tōkyō-to, Ota City, 穴守稲荷"
東銀座駅,35.6697,139.76713999999998,"Higashi-ginza Station, 4 Chome-10-10先 Ginza, Chuo City, Tokyo 104-0061, Japan"
岩本町駅,35.695570000000004,139.77518,"Iwamotocho Station, Japan"
荏原町駅,35.603863,139.7075,"Ebara-machi Station, 5 Chome-2-1 Nakanobu, Shinagawa City, Tokyo 142-0053, Japan"
白金台駅,35.637935999999996,139.72615,"Shirokanedai Station, 4 Chome-5-10 Shirokanedai, Minato City, Tokyo 108-0071, Japan"
西大島駅,35.68919,139.82602,"Nishi-Ojima Station, 2 Chome-41-19 Ojima, Koto City, Tokyo 136-0072, Japan"
新馬場駅,35.616516,139.74147,"Shimbamba Station, 2 Chome-18-1 Kitashinagawa, Shinagawa City, Tokyo 140-0001, Japan"
志村坂上駅,35.775784,139.6953,"Japan, 〒174-0051 Tōkyō-to, Itabashi City, Shimura, 1-chōme−13, 志村坂上"
奥沢駅,35.60399,139.67226000000002,"Okusawa Station, ３丁目-４７-17 奥沢 世田谷区 東京都 158-0083, Japan"
舎人駅,35.805640000000004,139.77016,"Toneri, 1-chōme Toneri, Adachi City, Tōkyō-to 121-0831, Japan"
小伝馬町駅,35.690407,139.7788,"Japan, 〒103-0001 Tōkyō-to, Chuo City, Nihonbashikodenmachō, 小伝馬町"
外苑前駅,35.670547,139.71805,"Japan, 〒107-0061 Tokyo, Minato City, Kitaaoyama, 〒107-0062 2-7-16 Gaiemmae Station"
馬込駅,35.596385999999995,139.71182,"Magome Station, 2-chōme-30 Kitamagome, Ota City, Tōkyō-to 143-0021, Japan"
久我山駅,35.688152,139.5993,"Japan, 〒168-0082 Tōkyō-to, Suginami City, Kugayama, 久我山"
北品川駅,35.622066,139.7392,"Kita-Shinagawa Station, Japan"
西葛西駅,35.664482,139.85918,"Japan, 西葛西駅"
富士見ヶ丘駅,35.684788,139.60721,"Fujimigaoka Station, Japan"
赤土小学校前駅,35.74287,139.76904,"Akado-Shogakko-Mae Station, Japan"
小菅駅,35.758717,139.81267,"Kosuge Station, Japan"
原宿駅,35.670227000000004,139.7027,"Japan, 〒150-0001 Tokyo, Shibuya City, Jingumae, 1 丁目 18 Harajuku Station"
水道橋駅,35.70205,139.7535,"Suidobashi Station, 2 Chome Misakicho, Chiyoda City, Tokyo, Japan"
青山一丁目駅,35.672855,139.72385,"Japan, 青山一丁目駅"
御嶽山駅,35.585278,139.68239,"Ontakesan Station, Japan"
溜池山王駅,35.672129999999996,139.7414,"Tameike-sanno Station, Japan"
旗の台駅,35.60488,139.70271,"Hatanodai Station, 2 Chome-13-1 Hatanodai, Shinagawa City, Tokyo 142-0064, Japan"
青井駅,35.772564,139.82037,"Aoi Station, Japan"
代々木駅,35.683033,139.70206000000002,"Yoyogi Station, Japan"
昭和島駅,35.570859999999996,139.75,"Japan, 〒143-0004 Tōkyō-to, Ota City, Shōwajima, 2-chōme−2, 昭和島"
等々力駅,35.608356,139.64795,"Japan, 〒158-0082 Tōkyō-to, Setagaya City, Todoroki, 3-chōme, 等々力"
春日駅,35.70988,139.75314,"Kasuga Station, １-１６-17 春日 文京区 東京都 112-0003, Japan"
東松原駅,35.662643,139.65547,"Higashi-Matsubara Station, 5 Chome-2 Matsubara, Setagaya City, Tokyo 156-0043, Japan"
新宿三丁目駅,35.6908,139.70636000000002,"Shinjuku-sanchome Station, 3 Chome-3-2 Shinjuku, Shinjuku City, Tokyo 160-0022, Japan"
荒川区役所前駅,35.734916999999996,139.7864,"Arakawa-Kuyakusho-Mae Station, Japan"
信濃町駅,35.68006,139.72032,"Shinanomachi Station, 34 Shinanomachi, Shinjuku City, Tokyo 160-0016, Japan"
浮間舟渡駅,35.791252,139.69135,"Ukimafunado Station, Japan"
神保町駅,35.69593,139.75763,"Jimbocho Station, Japan"
稲荷町駅,35.711376,139.78221000000002,"Inaricho Station, Japan"
東雲駅,35.640685999999995,139.8036,"Shinonome Station, Tokyo, Japan"
芝公園駅,35.653934,139.74983,"Shibakoen Station, 4 Chome-8-14 Shibakoen, Minato City, Tokyo, Japan"
世田谷駅,35.643463,139.65071,"Setagaya Station, 4-chōme-7 Setagaya, Setagaya City, Tōkyō-to 154-0017, Japan"
下赤塚駅,35.770477,139.64488,"Japan, Tōkyō-to, 下赤塚"
三鷹駅,35.702717,139.56104,"MITAKA STATION, 3-chōme-46 Shimorenjaku, Mitaka, Tōkyō-to 181-0013, Japan"
江戸川駅,35.737663,139.89609,"Edogawa Station, Japan"
九品仏駅,35.60541,139.66109,"Kuhombutsu Station, Japan"
舎人公園駅,35.796394,139.77016,"Japan, 〒121-0837 Tōkyō-to, Adachi City, Tonerikōen, 1, 舎人公園"
梶原駅,35.751064,139.74727,"Kajiwara Station, Japan"
東向島駅,35.724895000000004,139.81947,"Higashi-Mukojima Station, 4-chōme-29 Higashimukōjima, Sumida City, Tōkyō-to 131-0032, Japan"
芝浦ふ頭駅,35.642241999999996,139.75783,"Shibaurafuto Station, 3-chōme-30 Kaigan, Minato City, Tōkyō-to 108-0022, Japan"
越中島駅,35.667976,139.79265,"Japan, 〒135-0044 Tōkyō-to, Koto City, Etchūjima, 2-chōme−2, 越中島"
大門駅,35.656643,139.75455,"Daimon, Japan"
小村井駅,35.710293,139.82762,"Omurai Station, Japan"
高野駅,35.768383,139.77081,"Koya Station, Japan"
東陽町駅,35.669575,139.8177,"Japan, 〒135-0016 Tōkyō-to, Koto City, Tōyō, 4-chōme−1, 東陽町"
国立競技場駅,35.67966,139.7143,"Kokuritsu-Kyogijo Station, Japan"
東伏見駅,35.72867,139.56423999999998,"Higashifushimi Station, 2 Chome-5-1 Higashifushimi, Nishitokyo, Tokyo 202-0021, Japan"
宮の坂駅,35.647545,139.64488,"Miyanosaka Station, Japan"
竹橋駅,35.690273,139.75832,"Takebashi Station, 1 Chome-1-1 Hitotsubashi, Chiyoda City, Tokyo, Japan"
参宮橋駅,35.6786,139.6936,"Japan, 〒151-0053 Tōkyō-to, Shibuya City, Yoyogi, 参宮橋"
神谷町駅,35.662846,139.74522,"Kamiyacho Station, Japan"
千駄ヶ谷駅,35.681194,139.71126999999998,"Sendagaya Station, 1 Chome-35 Sendagaya, Shibuya City, Tokyo 151-0051, Japan"
都庁前駅,35.69057,139.69269,"Tochomae Sta., Japan"
新大久保駅,35.701244,139.70023,"Shin-Okubo Station, 1 Chome Hyakunincho, Shinjuku City, Tokyo 169-0073, Japan"
葛西臨海公園駅,35.644386,139.86158999999998,"Kasai Seaside Park, 6-chōme Rinkaichō, Edogawa City, Tōkyō-to 134-0086, Japan"
世田谷代田駅,35.65835,139.66158000000001,"Setagaya-Daita Station, Japan"
大杉第２小学校前,35.70673,139.88118,"3 Chome-11-1 Osugi, Edogawa City, Tokyo 132-0022, Japan"
新三河島駅,35.73731,139.77411,"Shim-Mikawashima Station, Japan"
面影橋駅,35.71312,139.71391,"Omokagebashi Station, Japan"
八潮駅,35.807835,139.84483,"Yashio Station, Japan"
沼部駅,35.582497,139.67314,"Numabe Station, Japan"
築地駅,35.66766,139.77211,"Japan, 築地駅"
末広町駅,35.702896,139.77165,"Suehirochō Sta., 3-chōme-16 Sotokanda, Chiyoda City, Tōkyō-to 101-0021, Japan"
御徒町駅,35.707542,139.77486000000002,"Japan, 〒110-0005 Tokyo, Taito City, Ueno, ５ 丁目 ２７ Okachimachi Station"
豪徳寺駅,35.65374,139.64735,"Gotokuji Station, Japan"
天空橋駅,35.54803,139.75465,"Japan, 〒144-0041 Tōkyō-to, Ota City, Hanedakūkō, 1-chōme−1, 天空橋"
新代田駅,35.662597999999996,139.66052,"Shin-Daita Station, Japan"
向原駅,35.728905,139.72488,"Mukohara Station, Japan"
永田町駅,35.6786,139.74028,"Nagatacho Station, 1 Chome-11-２８ Nagatacho, Chiyoda City, Tokyo 100-0014, Japan"
三越前駅,35.687157,139.77357,"Mitsukoshi-Mae Station, Japan"
御成門駅,35.660564,139.75124,"Japan, Tōkyō-to, Minato City, 3-chōme−2, 御成門"
巣鴨新田駅,35.735695,139.72769,"Sugamo-Shinden Station, Japan"
南新宿駅,35.683690000000006,139.69891,"Minami-Shinjuku Station, 1-chōme-51 Yoyogi, Shibuya City, Tōkyō-to 151-0053, Japan"
天王洲アイル駅,35.62044,139.75081,"Japan, Tokyo, Shinagawa City, 東品川2-3-8 Tennozu Isle Station"
お台場海浜公園駅,35.62975,139.77867,"Odaiba Seaside Park, Japan"
東京駅,35.681236,139.76712,"Tokyo Station, 1 Chome Marunouchi, Chiyoda City, Tokyo, Japan"
鮫洲駅,35.60503,139.74223,"Samezu Station, Japan"
亀戸水神駅,35.700096,139.83348,"Kameidosuijin Station, Japan"
銀座駅,35.671726,139.76445,"Japan, 〒104-0061 東京都 中央区銀座４丁目１−２ Ginza Station"
淡路町駅,35.694959999999995,139.76746,"Awajicho Station, Japan"
築地市場駅,35.66488,139.76688000000001,"Tsukijishijo Station, Japan"
下神明駅,35.6088,139.72623000000002,"Shimoshimmei Station, Japan"
竹ノ塚,35.792640000000006,139.7946,"Takenotsuka, Adachi City, Tokyo 121-0813, Japan"
東あずま駅,35.7071,139.83191000000002,"Higashi-azuma Station, Japan"
町屋二丁目駅,35.743927,139.77643,"Machiyanichome Station, Japan"
東尾久三丁目駅,35.745647,139.77388,"Higashiogusanchome Station, Japan"
大崎広小路駅,35.622634999999995,139.72267,"Japan, 〒141-0031 Tōkyō-to, Shinagawa City, Nishigotanda, 4-chōme, 大崎広小路"
町屋駅前駅,35.74279,139.78088,"Machiyaekimae Station, Japan"
新宿西口駅,35.693290000000005,139.69913,"Japan, 〒160-0023 東京都 新宿区西新宿１丁目３−１７ Shinjuku-nishiguchi Sta."
東京国際クルーズターミナル駅,35.621340000000004,139.77322,"Tokyo International Cruise Terminal Station, ２-５-7 青海 江東区 東京都 135-0064, Japan"
和光市駅,35.788334000000006,139.61282,"Wakoshi Station, Japan"
日本橋駅,35.682095000000004,139.77528,"Nihombashi Station, １-３-11 日本橋 中央区 東京都 103-0027, Japan"
汐留駅,35.6629,139.75996,"Japan, 〒105-0021 東京都港区東新橋１丁目９−１ Shiodome Station"
新御茶ノ水駅,35.696934000000006,139.76543,"Shin-Ochanomizu Station, 3-chōme Kanda Surugadai, Chiyoda City, Tōkyō-to 101-0062, Japan"
荒川二丁目駅,35.738566999999996,139.78471000000002,"Arakawa-Nichome Station, Japan"
京橋駅,35.6767,139.77,"2-chōme-4 Kyōbashi, Chuo City, Tōkyō-to"
宝町駅,35.67562,139.77211,"Takaracho Station, 2 Chome-13-１１ Kyobashi, Chuo City, Tokyo 104-0031, Japan"
浦安駅,35.665653000000006,139.89334,"Japan, 浦安駅"
明治神宮前駅,35.66847,139.70538,"Meijijingu-Mae Station, Japan"
足立小台駅,35.75462,139.7704,"Adachi-Odai Station, Japan"
大手町駅,35.68535,139.76328,"Otemachi Station, 2 Chome-1-1 Otemachi, Chiyoda City, Tokyo, Japan"
大井競馬場前駅,35.595646,139.74695,"Oikeibajo-Mae Station, Japan"
堀切駅,35.74329,139.81743,"Horikiri Station, Japan"
東池袋四丁目駅,35.7254,139.72041000000002,"Higashiikebukuroyonchome Station, Japan"
新庚申塚駅,35.741325,139.73044,"Shin-koshinzuka, Japan"
栄町駅,35.7509,139.7422,Sakaechō Station
学習院下駅,35.7166,139.7126,"Gakushuinshita Station, Japan"
京成関屋駅,35.743942,139.8118,"Keisei-Sekiya Station, Japan"
日比谷駅,35.67436,139.75961,"Japan, 〒100-0006 Tōkyō-to, Chiyoda City, Yūrakuchō, 1-chōme, 日比谷"
大泉第一小学校,35.765827,139.59917,"3 Chome-16-23 Oizumimachi, 練馬区 Nerima City, Tokyo 178-0062, Japan"
王子駅前駅,35.75298,139.73803999999998,"Ojiekimae Station, Japan"
本木新道,35.76361,139.7838,"Motogishindo Bus Stop, 27 Motoki Minamimachi, Adachi City, Tōkyō-to 123-0855, Japan"
小川町駅,35.6952,139.7669,"Yasukuni-dori Ave, 1-chōme Kanda Ogawamachi, Chiyoda City, Tōkyō-to 101-0052"
新日本橋駅,35.689014,139.77426,"Shin-Nihombashi Station, Japan"
西武新宿駅,35.695366,139.70003,"Seibu-Shinjuku Station, 1 Chome-30-1 Kabukicho, Shinjuku City, Tokyo 160-0021, Japan"
荒川七丁目駅,35.741929999999996,139.78421,"Arakawa-Nanachome Station, Japan"
大泉学園町四丁目,35.76708,139.5948,"Oizumigakuencho Yonchome Bus Stop, 3-chōme-32 Ōizumimachi, Nerima City, Tōkyō-to 178-0062, Japan"
大杉三丁目,35.70548,139.88225,"3 Chome Osugi, Edogawa City, Tokyo 132-0022, Japan"
庚申塚駅,35.739452,139.72966,"Koshinzuka Station, Japan"
宮ノ前駅,35.749817,139.76617,"Miyanomae Station, Japan"
川崎駅,35.531364,139.69688,"Kawasaki Station, Horikawachō, Saiwai-ku, Kawasaki, Kanagawa 212-0013, Japan"
荒川車庫前駅,35.7509,139.75273,"Arakawashako-Mae Station, Japan"
大塚駅前駅,35.73183,139.7281,"Otsuka Station, 3 Chome-33-1 Minamiotsuka, Toshima City, Tokyo 170-0005, Japan"
大杉第二小学校,35.70673,139.88118,"3 Chome-11-1 Osugi, Edogawa City, Tokyo 132-0022, Japan"
上野広小路駅,35.707879999999996,139.77298000000002,"Ueno-Hirokoji Station, Japan"
狛江駅,35.632355,139.57733000000002,"Komae Station, 1-chōme-7 Motoizumi, Komae, Tōkyō-to 201-0013, Japan"
荒川遊園地前駅,35.75065,139.7575,"Arakawayuenchi-Mae Station, Japan"
滝野川一丁目駅,35.747288,139.73541,"Takinogawaicchome Station, Japan"
飛鳥山駅,35.75012,139.73735,"Asukayama Station, Japan"
葛飾車庫,35.7793,139.8521,"Katsushikashako Bus Stop, 1-chōme-1 Nishimizumoto, Katsushika City, Tōkyō-to 125-0031, Japan"
市川駅,35.72882,139.9082,"Japan, Chiba, Ichikawa, 市川駅"
山下駅,35.6538,139.6466,"1-chōme-44 Gōtokuji, Setagaya City, Tōkyō-to 154-0021"
有楽町駅,35.67492,139.76282,"Yurakucho Station, １丁目-１１-1 有楽町 千代田区 東京都 100-0006, Japan"
和泉多摩川駅,35.627296,139.57363999999998,"Japan, 〒201-0014 Tōkyō-to, Komae, Higashiizumi, 4-chōme−2, 和泉多摩川"
新豊洲駅,35.648711999999996,139.79022,"Shin-Toyosu Station, Japan"
荒川一中前駅,35.73376,139.78885,"Arakawa-Itchumae Station, Japan"
都民農園,35.773379999999996,139.5863,"Tomin Noen Bus Stop, 7-chōme-14 Ōizumigakuenchō, Nerima City, Tōkyō-to 178-0061, Japan"
花畑３丁目,35.803574,139.81187,"3 Chome Hanahata, Adachi City, Tokyo 121-0061, Japan"
同潤会,35.66685,139.70949,"Japan, 〒150-0001 Tokyo, Shibuya City, 12, 神宮前4-12-10 表参道ヒルズ・同潤館"
菊地外科,35.644108,139.29367,"528-1 Higashiasakawamachi, Hachioji, Tokyo 193-0834, Japan"
西ヶ原四丁目駅,35.744232000000004,139.73268000000002,"Nishigahara-Yonchome Station, Japan"
三ノ輪橋駅,35.732209999999995,139.79152,"Minowabashi Station, Japan"
西長久保,35.77391,139.5908,"Nishinagakubo Bus Stop, 7-chōme-13 Ōizumigakuenchō, Nerima City, Tōkyō-to 178-0061, Japan"
都営住宅前,35.78549,139.8555,"Toei Jutakumae Bus Stop, 2-chōme-7 Mizumoto, Katsushika City, Tōkyō-to 125-0032, Japan"
樫ノ木公園前,35.8027,139.8175,"Otori-Dori St., 2-chōme-9 Hanahata, Adachi City, Tōkyō-to 121-0061"
朝霞駅,35.797115000000005,139.60019,"Asaka Station, 2-chōme-13 Honchō, Asaka, Saitama 351-0011, Japan"
大杉小学校前,35.70617,139.8737,"Japan, 〒132-0021 Tōkyō-to, Edogawa City, Chūō, 2-chōme−16, 大杉小学校前（バス）"
有明駅,35.634563,139.79332,"Ariake Station, Japan"
井の頭公園駅,35.697514,139.58275,"Inokashirakoen Station, Japan"
港町駅,35.5349,139.71257,"Minatocho Station, Japan"
ハートアイランド南,35.768609999999995,139.749,"Japan, 〒123-0865 Tōkyō-to, Adachi City, Shinden, 3-chōme−37, ハートアイランド南（バス）"
上馬,35.6371,139.6643,"2-chōme-13 Kamiuma, Setagaya City, Tōkyō-to 154-0011"
つつじヶ丘駅,35.657986,139.57501000000002,"Tsutsujigaoka Station, 3 Chome-35-1 Nishitsutsujigaoka, Chofu, Tokyo 182-0006, Japan"
京急川崎駅,35.532990000000005,139.70087,"Keikyu-Kawasaki Station, Japan"
巽橋,35.7203,139.8584,"3-chōme-2 Higashishinkoiwa, Katsushika City, Tōkyō-to 124-0023"
中村南3丁目,35.729079999999996,139.64075,"3 Chome Nakamuraminami, Nerima City, Tokyo 176-0025, Japan"
京成上野駅,35.711209999999994,139.77354,"Japan, 〒110-0007 Tōkyō-to, Taito City, Uenokōen, 1, 京成上野"
国際展示場駅,35.634514,139.79164,"Japan, 〒135-0063 Tōkyō-to, Koto City, Ariake, 3-chōme−7, 国際展示場"
新木場駅,35.64591,139.8268,"Japan, 〒136-0082 Tōkyō-to, Koto City, Shinkiba, 1-chōme, 新木場"
東京テレポート駅,35.627235,139.77872,"Japan, 東京テレポート駅"
鹿浜三丁目交差点,35.778503,139.75673999999998,"Shikahama-Sanchōme-Kōsaten (Shikahama 3 Kōsaten), 4-chōme-1 Shikahama, Adachi City, Tōkyō-to 123-0864, Japan"
永安寺前,35.62403,139.6083,"Eianjimae Bus Stop, 6-chōme-19 Ōkura, Setagaya City, Tōkyō-to 157-0074, Japan"
整備場駅,35.555088,139.75336000000001,"Seibijo Station, Japan"
青砥駅入口,35.745290000000004,139.8545,"Aotoekiiriguchi Bus Stop, 3-chōme-40 Aoto, Katsushika City, Tōkyō-to 125-0062, Japan"
妙典駅,35.691044,139.92441000000002,"Myōden Sta., Japan"
鹿骨五丁目,35.715053999999995,139.8861,"5 Chome Shishibone, Edogawa City, Tokyo 133-0073, Japan"
二子新地駅,35.606956,139.6225,"Futakoshinchi Station, Japan"
市場前駅,35.645733,139.78569,"Shijo-Mae Station, Japan"
松島三丁目,35.711079999999995,139.86177,"3 Chome Matsushima, Edogawa City, Tokyo 132-0031, Japan"
天神橋,35.723409,139.671234,"2-chōme-34 Matsugaoka, Nakano City, Tōkyō-to 165-0024"
ひばりヶ丘駅,35.75142,139.54578,"Japan, 〒202-0005 Tōkyō-to, Nishitokyo, Sumiyoshichō, 3-chōme, ひばりヶ丘"
上野御徒町駅,35.707966,139.77338,"Ueno-Okachimachi Station, 5 Chome-26-6 Ueno, Taito City, Tokyo 110-0005, Japan"
放射１１号舎人,35.808437,139.76994,"Hosha Juichigo Toneri, 1-chōme-18 Toneri, Adachi City, Tōkyō-to 121-0831, Japan"
方南町,35.683487,139.65791000000002,"Japan, Tōkyō-to, Suginami City, 12, 方南町"
駒沢中学校停留所,35.63695,139.656,"Komazawachugakko Bus Stop, 2-chōme-40 Komazawa, Setagaya City, Tōkyō-to 154-0012, Japan"
佐野センター前,35.78788,139.8415,"Sano Center Bus Stop, 1-chōme-28 Sano, Adachi City, Tōkyō-to 121-0053, Japan"
バス停　成城８丁目,35.648959999999995,139.5922,"Seijo Hachichome Bus Stop, 8-chōme-31 Seijō, Setagaya City, Tōkyō-to 157-0066, Japan"
南鳩ヶ谷駅,35.816257,139.73615,"Minami- Hatogaya Station, 5 Chome-1-7 Minamihatogaya, Kawaguchi, Saitama 334-0013, Japan"
亀有五丁目,35.767246,139.84576,"5 Chome Kameari, Katsushika City, Tokyo 125-0061, Japan"
扇橋二丁目,35.68347,139.8157,"2 Chome Ogibashi, Koto City, Tokyo 135-0011, Japan"
行徳駅,35.682606,139.91414,"Gyotoku, 2-chōme Gyōtoku Ekimae, Ichikawa, Chiba 272-0133, Japan"
上篠崎,35.713974,139.9021,"Kamishinozaki, Edogawa City, Tokyo 133-0054, Japan"
雷上組,35.660090000000004,139.8846,"Japan, 〒134-0084 Tōkyō-to, Edogawa City, Higashikasai, 4-chōme−45, 雷上組（バス）"
南行徳駅,35.672714,139.90222,"Japan, 〒272-0143 Chiba, Ichikawa, Ainokawa, 4-chōme, 南行徳"
南砂4丁目住宅,35.6735,139.8323,"Japan, 〒136-0076 Tōkyō-to, Koto City, Minamisuna, 4-chōme−13, 南砂四丁目住宅（バス）"
成城八丁目,35.64755,139.59486,"8 Chome Seijo, Setagaya City, Tokyo 157-0066, Japan"
上池上,35.58876,139.6965,"Kamiikegami Bus Stop, 1-chōme-16 Nakaikegami, Ota City, Tōkyō-to 146-0081, Japan"
内幸町駅,35.669395,139.75533000000001,"Uchisaiwaicho Sta., 2 Chome-2-3 Uchisaiwaicho, Chiyoda City, Tokyo 100-0011, Japan"
朝霞台駅,35.814552,139.58708000000001,"Japan, 〒351-0022 Saitama, Asaka, Higashibenzai, 1-chōme, 朝霞台"
舞浜駅,35.636154,139.88388,"Maihama Station, 26-5 Maihama, Urayasu, Chiba 279-0031, Japan"
北砂五,35.684063,139.83298,"5 Chome Kitasuna, Koto City, Tokyo 136-0073, Japan"
総合レクリエーション公園,35.66149,139.8578,"Edogawa City Comprensive Recreation Park, 2 Nishikasai, Edogawa City, Tokyo 134-0088, Japan"
都電雑司ヶ谷駅,35.72404,139.71774,"Toden-Zoshigaya Station, Japan"
霞ケ関駅,35.672604,139.75117,"Japan, 霞ヶ関駅"
川口元郷駅,35.800391999999995,139.73021,"Kawaguchi-Motogo Station, 1 Chome-2-15 Motogo, Kawaguchi, Saitama 332-0011, Japan"
堀ノ内,35.263523,139.6867,"Japan, 〒238-0014 Kanagawa, Yokosuka, Miharuchō, 3-chōme, 堀ノ内"
長島町交差点,35.66765,139.8733,"Japan, 〒134-0083 Tōkyō-to, Edogawa City, Nakakasai, 3-chōme−27, 長島町交差点（バス）"
八幡通り,35.712903,139.647938,"4-chōme-4 Yamatochō, Nakano City, Tōkyō-to 165-0034"
小岩警察・区民館,35.733670000000004,139.8884,"Koiwakeisatsu Kuminkan Bus Stop, 6-chōme-18 Higashikoiwa, Edogawa City, Tōkyō-to 133-0052, Japan"
上本郷,35.79527,139.91875,"Kamihongo, Matsudo, Chiba 271-0064, Japan"
流通センター駅,35.581444,139.74916000000002,"Japan, 〒143-0006 Tōkyō-to, Ota City, Heiwajima, 6-chōme, 流通センター"
平間駅,35.560555,139.67108000000002,"Hirama Station, Japan"
浅間神社,35.7162,139.9021,"1 Chome Kamishinozaki, Edogawa City, Tokyo 133-0054"
国府台駅,35.736427,139.90276,"Konodai Station, Japan"
八成橋,35.73003,139.6155,"Hachinaribashi Bus Stop, 3-chōme-29 Igusa, Suginami City, Tōkyō-to 167-0021, Japan"
南砂,35.67283,139.82785,"Minamisuna, Koto City, Tokyo 136-0076, Japan"
北園,35.7584,139.5887,"2-chōme-14 Ōizumigakuenchō, Nerima City, Tōkyō-to 178-0061"
西台１丁目,35.775467,139.672,"1 Chome Nishidai, Itabashi City, Tokyo 174-0045, Japan"
小松中学校前,35.71955,139.8649,"Japan, 〒124-0024 Tōkyō-to, Katsushika City, Shinkoiwa, 4-chōme−25, 小松中学校前（バス）"
三郷中央駅,35.824116,139.87805,"Misatochuo Station, Japan"
国会議事堂前駅,35.673767,139.74327,"Kokkai-gijidomae Sta., 1 Chome-7-1 Nagatacho, Chiyoda City, Tokyo 100-0014, Japan"
西尾久三,35.751984,139.76328999999998,"3 Chome Nishiogu, Arakawa City, Tokyo 116-0011, Japan"
小松川警察署前,35.70239,139.8643,"Japan, 〒132-0032 Tōkyō-to, Edogawa City, Nishikomatsugawamachi, 37, 小松川警察署前（バス）"
虹の家,35.71,139.8964,"4-chōme-11 Kamishinozaki, Edogawa City, Tōkyō-to 133-0054"
入新井第４小学校前,35.577618,139.71695,"3 Chome-5-8 Central, Ota City, Tokyo 143-0024, Japan"
松本橋東詰,35.7182,139.8836,"Matsumotohashihigashizume Bus Stop, 5-chōme-40 Shishibone, Edogawa City, Tōkyō-to 133-0073, Japan"
花畑四丁目,35.804646000000005,139.80739,"4 Chome Hanahata, Adachi City, Tokyo 121-0061, Japan"
北砂二丁目,35.681824,139.82594,"2 Chome Kitasuna, Koto City, Tokyo 136-0073, Japan"
南砂六,35.672035,139.83522,"6 Chome Minamisuna, Koto City, Tokyo 136-0076, Japan"
南篠崎3丁目,35.694984000000005,139.89986000000002,"3 Chome Minamishinozakimachi, Edogawa City, Tokyo 133-0065, Japan"
新小岩駅東北広場,35.71863,139.8593,"Shinkoiwaekitohokuhiroba Bus Stop, 1-chōme-8 Higashishinkoiwa, Katsushika City, Tōkyō-to 124-0023, Japan"
旧道交差点,35.792891999999995,139.7992,"Kyudokosaten, 4-chōme-4 Takenotsuka, Adachi City, Tōkyō-to 121-0813, Japan"
葛西橋,35.67131,139.84663,"Kasai-bashi Bridge, Koto City, Tokyo 136-0074, Japan"
新丸子駅,35.580593,139.66193,"Shinmaruko Station, 766 中原区新丸子町 Kawasaki, Kanagawa, Japan"
砧町,35.63613,139.619,"Kinutamachi Bus Stop, 1-chōme-7 Kinuta, Setagaya City, Tōkyō-to 157-0073, Japan"
西水元２丁目,35.78568,139.85025,"2 Chome Nishimizumoto, Katsushika City, Tokyo 125-0031, Japan"
西大島駅前,35.68919,139.82602,"Nishi-Ojima Station, 2 Chome-41-19 Ojima, Koto City, Tokyo 136-0072, Japan"
加賀一丁目,35.79051,139.7604,"Kaga-Itchōme, 1-chōme-20 Kaga, Adachi City, Tōkyō-to 123-0861, Japan"
江戸川区高校前,35.71067,139.8657,"Japan, 〒132-0021 Tōkyō-to, Edogawa City, Chūō, 4-chōme−8, 江戸川高校前（バス）"
舎人町,35.81219,139.76904,"Toneri, Adachi City, Tokyo 121-0831, Japan"
大森東５丁目,35.569294,139.74284,"5 Chome Omorihigashi, Ota City, Tokyo 143-0012, Japan"
八幡宮裏,35.71697,139.5966,"Hachimanguura Bus Stop, 1-chōme-34 Zenpukuji, Suginami City, Tōkyō-to 167-0041, Japan"
旧葛西橋,35.675340000000006,139.8405,"Japan, 〒136-0074 Tōkyō-to, Koto City, Higashisuna, 6-chōme−20, 旧葛西橋（バス）"
大泉町二丁目,35.76083,139.6064,"Daiizumicho Nichome Bus Stop, 3-chōme-24 Doshida, Nerima City, Tōkyō-to 179-0076, Japan"
労災病院前,35.567,139.6575,"Rosaibyoinzen Bus Stop, 33 Kizukisumiyoshichō, Nakahara-ku, Kawasaki, Kanagawa 211-0021, Japan"
本郷花街道,35.70923,139.9053,"Hongohanakaido Bus Stop, 1-chōme-15 Shinozakimachi, Edogawa City, Tōkyō-to 133-0061, Japan"
東京北部病院前,35.78328,139.76555,"Tokyo Hokubu-Byōin (Tokyo Hokubu Hp. ), 2-chōme-12 Yazaike, Adachi City, Tōkyō-to 123-0863, Japan"
小松川警察前,35.70239,139.8643,"Japan, 〒132-0032 Tōkyō-to, Edogawa City, Nishikomatsugawamachi, 37, 小松川警察署前（バス）"
松戸駅,35.7843,139.90067,"Matsudo Station, Japan"
上一色コミュニティーセンター前,35.725597,139.87251,"2 Chome-6-１０ Kamiisshiki, Edogawa City, Tokyo 133-0041, Japan"
南葛西小学校前,35.647009999999995,139.8751,"Japan, 〒134-0085 Tōkyō-to, Edogawa City, Minamikasai, 5-chōme−10, 南葛西小学校前（バス）"
井荻駅入口,35.722840000000005,139.6142,"Iogiekiiriguchi Bus Stop, 1-chōme-23 Kamiigusa, Suginami City, Tōkyō-to 167-0023, Japan"
下石神井１丁目,35.73101,139.61141999999998,"1 Chome Shimoshakujii, Nerima City, Tokyo 177-0042, Japan"
桜木橋北詰,35.79535,139.8401,"Sakuragibashikitazume Bus Stop, 3-chōme-19 Mutsugi, Adachi City, Tōkyō-to 121-0052, Japan"
久が原出世観音,35.583652,139.69403,"2 Chome-7-13 Kugahara, Ota City, Tokyo 146-0085, Japan"
船堀駅前,35.683414,139.8632,"2 Chome-23-14 Funabori, Edogawa City, Tokyo 134-0091, Japan"
松本小学校,35.7152,139.8841,"6 Chome-9-１ Shishibone, Edogawa City, Tokyo 133-0073"
羽田空港国際線ターミナル駅,35.54467,139.76762,"Japan, 〒144-0041 Tōkyō-to, Ota City, Hanedakūkō, 2-chōme, 羽田空港国際線ターミナル"
一之江五丁目,35.693478000000006,139.88097,"5 Chome Ichinoe, Edogawa City, Tokyo 132-0024, Japan"
松ノ木公務員住宅前,35.690822999999995,139.64394,"Matsunoki, Suginami City, Tokyo 166-0014, Japan"
和田堀橋,35.687046,139.65601999999998,"Wadaboribashi, 2-chōme-7 Wada, Suginami City, Tōkyō-to 166-0012, Japan"
関原２丁目,35.767654,139.78949,"2 Chome Sekibara, Adachi City, Tokyo 123-0852, Japan"
なぎさニュータウン,35.64717,139.8795,"Japan, 〒134-0085 Tōkyō-to, Edogawa City, Minamikasai, 6-chōme−15, なぎさニュータウン（バス）"
戸田公園駅,35.808083,139.67803999999998,"Todakoen Station, Japan"
東門前駅,35.536736,139.73473,"Higashimonzen Station, Japan"
小岩駅通り,35.7255,139.8834,"Japan, 〒133-0056 Tōkyō-to, Edogawa City, Minamikoiwa, 5-chōme−21, 小岩駅通り（バス）"
元競馬場前,35.63128,139.704,"Motokeibajomae Bus Stop, 4-chōme-11 Shimomeguro, Meguro City, Tōkyō-to 153-0064, Japan"
方南八幡通り,35.68224,139.6569,"Japan, 〒168-0063 Tōkyō-to, Suginami City, Izumi, 4-chōme−42, 方南八幡通り（バス）"
足立郷土博物館前,35.78439,139.84157,"5 Chome-20-１ Oyata, Adachi City, Tokyo 120-0001, Japan"
鹿骨三,35.71375,139.89217,"3 Chome Shishibone, Edogawa City, Tokyo 133-0073, Japan"
京葉交差点,35.703144,139.86708000000002,"Keiyō-Kōsaten, 1-chōme-44 Matsushima, Edogawa City, Tōkyō-to 132-0031, Japan"
広尾橋,35.650295,139.72252,"Hiroo Sta., 4-chōme-1 Minamiazabu, Minato City, Tōkyō-to 106-0047, Japan"
水元小学校,35.7877,139.86354,"4 Chome-21-１ Mizumoto, Katsushika City, Tokyo 125-0032, Japan"
江戸川区役所前,35.7065,139.8679,"Japan, 〒132-0021 Tōkyō-to, Edogawa City, Chūō, 1-chōme−3, 江戸川区役所前（バス）"
西調布駅,35.657090000000004,139.53003,"Nishi-chōfu Station, Japan"
名主屋敷,35.69818,139.88947,"2 Chome-21-番20号 Haruecho, Edogawa City, Tokyo 132-0003, Japan"
西武バス,35.7547,139.607,"1-chōme-15 Miharadai, Nerima City, Tōkyō-to 177-0031"
学校通り,35.671620000000004,139.8324,"Japan, 〒136-0076 Tōkyō-to, Koto City, Minamisuna, 3-chōme−12, 学校通り（バス）"
前沼橋,35.71069,139.8923,"Maenumabashi Bus Stop, 2-chōme-18 Shishibone, Edogawa City, Tōkyō-to 133-0073, Japan"
水元二丁目,35.785309999999996,139.85793,"2 Chome Mizumoto, Katsushika City, Tokyo 125-0032, Japan"
花畑４丁目,35.804646000000005,139.80739,"4 Chome Hanahata, Adachi City, Tokyo 121-0061, Japan"
新小岩駅前,35.717445,139.85863,"Shin-Koiwa Station, Katsushika City, Tōkyō-to, Japan"
世田谷,35.64656,139.65329,"Setagaya City, Tokyo, Japan"
新小岩一丁目,35.715286,139.85793,"1 Chome Shinkoiwa, Katsushika City, Tokyo 124-0024, Japan"
戸越公園,35.61043,139.7223,"Togoshi Park, 2 Chome-1-30 Yutakacho, Shinagawa City, Tokyo 142-0042, Japan"
江戸川高校前,35.71067,139.8657,"Japan, 〒132-0021 Tōkyō-to, Edogawa City, Chūō, 4-chōme−8, 江戸川高校前（バス）"
下今井,35.6779,139.8854,"5 Chome Edogawa, Edogawa City, Tokyo 134-0013"
駒場,35.660346999999994,139.6822,"Komaba, Meguro City, Tokyo 153-0041, Japan"
志木駅,35.822163,139.57526000000001,"Shiki, 2-chōme Tōhoku, Niiza, Saitama 352-0001, Japan"
笠森稲荷前,35.645,139.6167,"Kasamoriinarizen Bus Stop, 2-chōme-21 Kinuta, Setagaya City, Tōkyō-to 157-0073, Japan"
第二葛西小入口,35.6598,139.8773,
つくば駅,36.08251,140.11171000000002,"Tsukuba Station, 2 Chome-128 Azuma, Tsukuba, Ibaraki 305-0031, Japan"
入谷東,35.80332,139.7651,"Iriyahigashi Bus Stop, 5-chōme-3 Iriya, Adachi City, Tōkyō-to 121-0836, Japan"
市川真間駅,35.73121,139.91173,"Ichikawamama Station, Japan"
千石1丁目停留所,35.727875,139.74487,"Sengoku Station, 1-29-13 Sengoku, Bunkyo City, Tokyo 112-0011, Japan"
奥戸３丁目,35.731747,139.86177,"3 Chome Okudo, Katsushika City, Tokyo 124-0022, Japan"
菅原橋,35.71582,139.8739,"Sugawarabashi, 1-chōme-34 Matsumoto, Edogawa City, Tōkyō-to 133-0043, Japan"
南葛西小,35.646713,139.87471000000002,"5 Chome-10-1 Minamikasai, 江戸川区 Edogawa City, Tokyo 134-0085, Japan"
竹の塚駅東口,35.794434,139.79173,"Takenotsuka Sta., 6-chōme-5 Takenotsuka, Adachi City, Tōkyō-to 121-0813, Japan"
仲町東組,35.65698,139.8796,"Japan, 〒134-0084 Tōkyō-to, Edogawa City, Higashikasai, 8-chōme−15, 仲町東組（バス）"
野方駅北口,35.72126,139.6538,"Japan, 〒165-0027 Tōkyō-to, Nakano City, Nogata, 4-chōme−22, 野方駅北口（バス）"
草加駅,35.828476,139.80358999999999,"Japan, 〒340-0034 Saitama, Soka, Hikawacho, １９７０ 草加駅"
松ノ木公園,35.691113,139.64162,"Matsunoki Park, 2 Chome-20-5 Matsunoki, Suginami City, Tokyo 166-0014, Japan"
新小５３葛飾区役所行,35.74349,139.8472,"5 Chome-13-1 Tateishi, Katsushika City, Tokyo 124-0012, Japan"
青海駅,35.624672,139.78116,"Aomi Station, Japan"
中央図書館,35.7106,139.8698,"3 Chome-1-3 Central, Edogawa City, Tokyo 132-0021"
中央三丁目,35.714246,139.874244,"3-chōme-19 Chūō, Edogawa City, Tōkyō-to"
松江六,35.691154,139.87395,"7 Chome-16-１８ Matsue, Edogawa City, Tokyo 132-0025, Japan"
一ツ家二丁目,35.78224,139.8108,"Hitotsuya Nichome Bus Stop, 1-chōme-20 Hitotsuya, Adachi City, Tōkyō-to 121-0075, Japan"
鈴木町駅,35.535309999999996,139.72028,"Suzukicho Station, Japan"
台場駅,35.625816,139.77122,"Japan, 台場駅"
川口駅,35.80193,139.71764,"Kawaguchi Station, 3 Chome-1-21 Sakaecho, Kawaguchi, Saitama 332-0017, Japan"
めぐろ区民キャンパス,35.621047999999995,139.67358000000002,"Japan, 〒152-0023 Tokyo, Meguro City, Yakumo, 1, 一丁目1番1号"
西武柳沢駅,35.728638000000004,139.55255,"Seibu-Yagisawa Station, 6-chōme-1 Yagisawa, Nishitokyo, Tōkyō-to 202-0022, Japan"
玉堤一丁目,35.59755,139.65158,"1 Chome Tamazutsumi, Setagaya City, Tokyo 158-0087, Japan"
亀有二丁目東［公明寺前］,35.763909999999996,139.8513,"Kameari Nichome Azuma [ Komyojimae Bus Stop, 3-chōme-41 Kameari, Katsushika City, Tōkyō-to 125-0061, Japan"
池雪小,35.5906,139.6947,
本郷,35.70883,139.7601,"Hongo, Bunkyo City, Tokyo 113-0033, Japan"
勝どき橋南詰,35.66059,139.7764,"Japan, 〒104-0054 Tōkyō-to, Chuo City, Kachidoki, 1-chōme−12, 勝どき橋南詰（バス）"
東新小岩三丁目,35.72221,139.86016999999998,"3 Chome Higashishinkoiwa, Katsushika City, Tokyo 124-0023, Japan"
扇大橋駅前,35.76389,139.77086,"Ogi-Ohashi Station, Japan"
春江町四丁目,35.682655,139.87616,"4 Chome Haruecho, Edogawa City, Tokyo 134-0003, Japan"
葛西駅通り,35.660790000000006,139.8696,"Japan, 〒134-0083 Tōkyō-to, Edogawa City, Nakakasai, 6-chōme−18, 葛西駅通り（バス）"
江北橋下,35.7781,139.7693,
南水元,35.776959999999995,139.85857,"Minamimizumoto, Katsushika City, Tokyo 125-0035, Japan"
堀江団地,35.6474,139.8714,"Japan, 〒134-0085 Tōkyō-to, Edogawa City, Minamikasai, 3-chōme−16, 堀江団地（バス）"
久が原駅入口,35.579,139.683,"Kugahara Eki Iriguchi, 20 Nishiminemachi, Ota City, Tōkyō-to 145-0075, Japan"
西荻窪駅北口,35.704037,139.59961,"3 Chome-1-10 Nishiogikita, Suginami City, Tokyo 167-0042, Japan"
南葛西中,35.64987,139.87393,"Minamikasai, Edogawa City, Tokyo 134-0085, Japan"
東小松川小学校前,35.69228,139.8678,"Japan, 〒132-0025 Tōkyō-to, Edogawa City, Matsue, 3-chōme−2, 東小松川小学校前（バス）"
公園前,35.7929,139.7949,"2-chōme-25 Takenotsuka, Adachi City, Tōkyō-to 121-0813"
南葛西中学校前,35.64537,139.8757,"Japan, 〒134-0085 Tōkyō-to, Edogawa City, Minamikasai, 6-chōme−7, 南葛西中学校前（バス）"
興本センター前,35.76817,139.7806,"Okimoto Center Zen Bus Stop, 1-chōme-18 Okino, Adachi City, Tōkyō-to 123-0844, Japan"
北里研究所,35.6455,139.7266,"5 Chome-9-１ Shirokane, Minato City, Tokyo 108-8642"
菊地外科胃腸科,35.71667,139.892,"Kikuchigekaichoka Bus Stop, 1-chōme-6 Nishishinozaki, Edogawa City, Tōkyō-to 133-0055, Japan"
久地駅,35.610077000000004,139.59306,"Kuji Station, Japan"
蓮田駅,35.981285,139.65308000000002,"Hasuda, Hasuda, Saitama, Japan"
代田一丁目,35.65297,139.66243,"1 Chome Daita, Setagaya City, Tokyo 155-0033, Japan"
鹿骨三丁目,35.71375,139.89217,"3 Chome Shishibone, Edogawa City, Tokyo 133-0073, Japan"
小松川三丁目,35.698948,139.85153,"3 Chome Komatsugawa, Edogawa City, Tokyo 132-0034, Japan"
本八幡駅,35.721092,139.92723,"Japan, 〒272-0021 Chiba, Ichikawa, Yawata, 2-chōme, 本八幡"
田道小学校,35.637676,139.70909,"1 Chome-15-28 Meguro, Meguro City, Tokyo 153-0063, Japan"
鹿骨一丁目,35.708861999999996,139.8893,"1 Chome Shishibone, Edogawa City, Tokyo 133-0073, Japan"
大森西２丁目,35.576813,139.73006999999998,"2 Chome Omorinishi, Ota City, Tokyo 143-0015, Japan"
田無駅,35.7272,139.53897,"Tanashi, Tanashichō, Nishitokyo, Tōkyō-to 188-0011, Japan"
武蔵溝ノ口駅,35.599070000000005,139.61101000000002,"Musashi-Mizonokuchi Station, 2 Chome-1-1 Mizonokuchi, Takatsu Ward, Kawasaki, Kanagawa, Japan"
東小松川一,35.70049,139.86688,"1 Chome Higashikomatsugawa, Edogawa City, Tokyo 132-0033, Japan"
花畑小学校前,35.79183,139.8266,"Hanahatashogakkozen Bus Stop, 3-chōme-22 Minamihanahata, Adachi City, Tōkyō-to 121-0062, Japan"
税務署前,35.57563,139.7122,"Zeimushomae Bus Stop, 7-chōme-5 Chūō, Ota City, Tōkyō-to 143-0024, Japan"
釜寺,35.680912,139.65825,"2 Chome-5-4 Honan, Suginami City, Tokyo 168-0062, Japan"
第二葛西小,35.662487,139.87872,"6 Chome-33-1 Higashikasai, Edogawa City, Tokyo 134-0084, Japan"
葛西区民館,35.665924,139.86958,"〒134-0083, ３丁目-１０-1 中葛西 江戸川区 東京都 134-0083, Japan"
弥生町３丁目,35.68792,139.67519,"3 Chome Yayoicho, Nakano City, Tokyo 164-0013, Japan"
母子寮前,35.68897,139.6619,"Boshiryozen Bus Stop, 1-chōme-10 Wada, Suginami City, Tōkyō-to 166-0012, Japan"
東京都市大付属小学校前,35.633309999999994,139.6041,"Tokyoto Shidaifuzokushogakkozen Bus Stop, 1-chōme-13 Seijō, Setagaya City, Tōkyō-to 157-0066, Japan"
東淵江庭園,35.784440000000004,139.8391,"Higashifuchieteien Bus Stop, 5-chōme-28 Ōyata, Adachi City, Tōkyō-to 120-0001, Japan"
春江中学校,35.7011,139.8913,"2 Chome-47-1 Haruecho, 江戸川区 Edogawa City, Tokyo 132-0003"
NHK技術研究所,35.635635,139.61574,"1 Chome-10-１１ Kinuta, Setagaya City, Tokyo 157-8510, Japan"
高津駅,35.6033,139.61725,"Takatsu Station, 4 Chome-1-1 Futago, Takatsu Ward, Kawasaki, Kanagawa 213-0002, Japan"
西麻布,35.658394,139.72305,"Nishiazabu, Minato City, Tokyo 106-0031, Japan"
区立総合運動場,35.63139,139.61238,"4 Chome-6-1 Okura, Setagaya City, Tokyo 157-0074, Japan"
関原2丁目,35.767654,139.78949,"2 Chome Sekibara, Adachi City, Tokyo 123-0852, Japan"
南葛西住宅,35.65213,139.87091,"Japan, 〒134-0085 Tōkyō-to, Edogawa City, Minamikasai, 3-chōme−20−６ 南葛西住宅"
新堀一,35.77258,139.53436000000002,"1 Chome Shinbori, Niiza, Saitama 352-0032, Japan"
六ツ木団地,35.79025,139.8386,"Mutsugidanchi Bus Stop, 1-chōme-5 Mutsugi, Adachi City, Tōkyō-to 121-0052, Japan"
東葛西六,35.66277,139.88033000000001,"Higashikasai, Edogawa City, Tokyo 134-0084, Japan"
興野公団住宅,35.7713,139.7811,"Okinokodanjutaku Bus Stop, 1-chōme-10 Okino, Adachi City, Tōkyō-to 123-0844, Japan"
上沼田中,35.776848,139.7658,"5 Chome-17-1 Kohoku, Adachi City, Tokyo 123-0872, Japan"
葛西第二中,35.67897,139.86206,"１０８５ Ukitacho, Edogawa City, Tokyo 134-0082, Japan"
上沼田団地入口,35.77827,139.7637,"Kaminumatadanchiiriguchi Bus Stop, 3-chōme-36 Kōhoku, Adachi City, Tōkyō-to 123-0872, Japan"
哲学同公園入口,35.7207,139.6756,
浦安橋,35.665627,139.88618,"Japan, 〒134-0084 Tokyo, Edogawa City, Higashikasai, 16, Unnamed Road、３丁目 Urayasu Bridge"
東京臨海病院,35.652409999999996,139.85373,"1 Chome-4-2 Rinkaicho, Edogawa City, Tokyo 134-0086, Japan"
宇喜田,35.677128,139.86305,"Ukitacho, Edogawa City, Tokyo 134-0082, Japan"
中台一丁目,35.766940000000005,139.6776,"Nakadai Itchome Bus Stop, 1-chōme-22 Nakadai, Itabashi City, Tōkyō-to 174-0064, Japan"
中耕地,35.61578,139.6248,"Nakagochi Bus Stop, 3-chōme-22 Tamagawa, Setagaya City, Tōkyō-to 158-0094, Japan"
千歳船橋駅前,35.647420000000004,139.62398000000002,"Chitose-Funabashi Station, Japan"
第六葛西小,35.667846999999995,139.8645,"4 Chome-5-1 Nishikasai, 江戸川区 Edogawa City, Tokyo 134-0088, Japan"
平井駅前,35.706364,139.84239,"Hirai Station, 3-chōme-30 Hirai, Edogawa City, Tōkyō-to 132-0035, Japan"
中葛西五,35.66245,139.86945,"5 Chome Nakakasai, Edogawa City, Tokyo 134-0083, Japan"
北砂３丁目,35.682846000000005,139.82849,"3 Chome Kitasuna, Koto City, Tokyo 136-0073, Japan"
代田中筋停留所,35.65028,139.664,"Daitanakakin Bus Stop, 2-chōme-31 Wakabayashi, Setagaya City, Tōkyō-to 154-0023, Japan"
「江原中野通り」,35.72963,139.672,"Eharacho, Nakano City, Tokyo 165-0023, Japan"
東深沢中,35.618829999999996,139.65376,"4 Chome-18-28 Fukasawa, Setagaya City, Tokyo 158-0081, Japan"
堀ノ内二,35.687855,139.65222,"2 Chome Horinouchi, Suginami City, Tokyo 166-0013, Japan"
篠崎町七,35.704784000000004,139.9021,"7 Chome Shinozakimachi, Edogawa City, Tokyo 133-0061, Japan"
下小松橋,35.720177,139.866,"Shimo-Komatsubashi, 4-chōme-32 Shinkoiwa, Katsushika City, Tōkyō-to 124-0024, Japan"
武蔵関駅入口,35.72736,139.5782,"Musashisekiekiiriguchi Bus Stop, 1-chōme-23 Sekimachikita, Nerima City, Tōkyō-to 177-0051, Japan"
東葛西七,35.65846,139.87743999999998,"7 Chome Higashikasai, Edogawa City, Tokyo 134-0084, Japan"
円融寺前,35.61973,139.6929,"Enyujizen Bus Stop, 6-chōme-20 Megurohonchō, Meguro City, Tōkyō-to 152-0002, Japan"
葛飾車庫入口,35.77977,139.8518,"Katsushikashakoiriguchi Bus Stop, 1-chōme-1 Nishimizumoto, Katsushika City, Tōkyō-to 125-0031, Japan"
棒茅場,35.672684000000004,139.85492,"Boshiba dori Ave, Edogawa City, Tōkyō-to, Japan"
葛西工業高校,35.683605,139.87885,"7 Chome-68-1 Ichinoe, Edogawa City, Tokyo 132-0024, Japan"
瀬田（環八口）,35.62032,139.6325,"Seta [ Kanpachikuchi Bus Stop, 2-chōme-24 Seta, Setagaya City, Tōkyō-to 158-0095, Japan"
やのはし,35.622,139.6217,"2-chōme-25 Okamoto, Setagaya City, Tōkyō-to 157-0076"
杉並第２小学校前,35.693153,139.63142,"3 Chome-4-番１号 Naritanishi, Suginami City, Tokyo 166-0016, Japan"
千川,35.73809,139.68944,"Senkawa, 3-chōme Kanamechō, Toshima City, Tōkyō-to 171-0043, Japan"
新小岩1丁目,35.715286,139.85793,"1 Chome Shinkoiwa, Katsushika City, Tokyo 124-0024, Japan"
三谷,35.6297,139.6821,"3-chōme-20 Takaban, Meguro City, Tōkyō-to 152-0004"
公園橋,35.6275,139.6148,"3-chōme-21 Okamoto, Setagaya City, Tōkyō-to 157-0076"
向河原駅,35.572193,139.66728,"Mukaigawara Station, Japan"
新田三丁目,35.769591999999996,139.7486,"3 Chome Shinden, Adachi City, Tokyo 123-0865, Japan"
南砂四住宅,35.673943,139.83182,"Japan, 〒136-0076 Tokyo, Koto City, Minamisuna, 4 Chome−12−１０ 都営南砂四丁目住宅"
水元中学校,35.782447999999995,139.8649,"3 Chome-20-1 Mizumoto, 葛飾区 Katsushika City, Tokyo 125-0032, Japan"
東京三育小学校入口,35.71983,139.5827,"Tokyosanikushogakkoiriguchi Bus Stop, 15 Tatenochō, Nerima City, Tōkyō-to 177-0054, Japan"
元八幡,35.671345,139.83342,"Motohachiman St, Minamisuna, Koto City, Tōkyō-to 136-0076, Japan"
王子製紙裏門,35.696059999999996,139.9107,"Ojimateriauramon Bus Stop, 5-chōme-13 Minamishinozakimachi, Edogawa City, Tōkyō-to 133-0065, Japan"
江戸川区口腔保健センター入口,35.676327,139.88228,"5 Chome-14-4 Edogawa, Edogawa City, Tokyo 134-0013, Japan"
北篠崎,35.718821999999996,139.89696999999998,"Kitashinozaki, Edogawa City, Tokyo 133-0053, Japan"
大森西４丁目,35.573425,139.72305,"4 Chome Omorinishi, Ota City, Tokyo 143-0015, Japan"
南葛西第二小,35.64999,139.88025,"7 Chome-5-9 Minamikasai, Edogawa City, Tokyo 134-0085, Japan"
松ヶ丘交番前,35.64073,139.6422,"Matsugaoka Kobanzen Bus Stop, 5-chōme-16 Tsurumaki, Setagaya City, Tōkyō-to 154-0016, Japan"
産業道路駅,35.536728000000004,139.74063,"Japan, 〒210-0811 Kanagawa, Kawasaki, Kawasaki-ku, Daishigawara, 2-chōme, 産業道路"
志茂一丁目,35.77648,139.73006999999998,"1 Chome Shimo, Kita City, Tokyo 115-0042, Japan"
袖ヶ浦,35.430256,139.95488,"Sodegaura, Chiba, Japan"
葛西南高校入口,35.6544,139.8724,"Japan, 〒134-0085 Tōkyō-to, Edogawa City, Minamikasai, 1-chōme−13, 葛西南高校入口（バス）"
林試の森入口,35.62695,139.7071,"Rinshinomoriiriguchi Bus Stop, 5-chōme-37 Shimomeguro, Meguro City, Tōkyō-to 153-0064, Japan"
大山西町,35.74658,139.6956,"Oyamanishicho, Itabashi City, Tokyo 173-0033, Japan"
仲町西組,35.65954,139.8728,"Japan, 〒134-0083 Tōkyō-to, Edogawa City, Nakakasai, 8-chōme−11, 仲町西組（バス）"
成田西こども園,35.69055,139.63138,"1 Chome-28-６ Naritanishi, Suginami City, Tokyo 166-0016, Japan"
上町,35.64338,139.64671,"Kamimachi Station, 3 Chome-4-3 Setagaya, Setagaya City, Tokyo 154-0017, Japan"
円融時前,35.6197,139.6929,
中央公園,35.7807,139.8584,"1 Chome-23 Mizumoto, Katsushika City, Tokyo 125-0032"
春江町４丁目,35.682655,139.87616,"4 Chome Haruecho, Edogawa City, Tokyo 134-0003, Japan"
西瑞江５丁目,35.67918,139.87968,"5 Chome Nishimizue, Edogawa City, Tokyo 134-0015, Japan"
こまえ苑,35.62588,139.59273000000002,"4 Chome-17-17 Iwadominami, Komae, Tokyo 201-0005, Japan"
中野行きバス停,35.69703,139.6823,"Nakanosakaueeki Bus Stop, 2-chōme-46 Honchō, Nakano City, Tōkyō-to 164-0012, Japan"
十貫坂上,35.694340000000004,139.6684,"Jukkansakaue Bus Stop, 4-chōme-36 Honchō, Nakano City, Tōkyō-to 164-0012, Japan"
駒繋神社,35.638329999999996,139.68016,"4 Chome-27-26 Shimouma, Setagaya City, Tokyo 154-0002, Japan"
東京都現代美術館前,35.679703,139.80664,"Tokyoto Gendaibijutsukanmae Bus Stop, 3-chōme-3 Miyoshi, Koto City, Tōkyō-to 135-0022, Japan"
松陰神社前,35.644005,139.65526,"Shoin-jinja-mae Station, 4 Chome-21-16 Wakabayashi, Setagaya City, Tokyo 154-0023, Japan"
王子マテリア,35.6951,139.912,"2 Chome-3-2 Higashishinozaki, Edogawa City, Tokyo 133-0063"
東陽1丁目,35.666496,139.8106,"1 Chome Toyo, Koto City, Tokyo 135-0016, Japan"
葛西第三中入口,35.6582,139.864,
東砂五,35.67635,139.84386,"5 Chome Higashisuna, Koto City, Tokyo 136-0074, Japan"
入谷五丁目,35.80471,139.7643,"Iriya Gochome Bus Stop, 1-chōme-28 Iriya, Adachi City, Tōkyō-to 121-0836, Japan"
土支田地蔵,35.76225,139.612,"Doshidajizo Bus Stop, 2-chōme-37 Doshida, Nerima City, Tōkyō-to 179-0076, Japan"
押部,35.7852,139.7635,"7-chōme-7 Shikahama, Adachi City, Tōkyō-to 123-0864"
東小松川小,35.69305,139.8659,"3 Chome-27-１ Higashikomatsugawa, Edogawa City, Tokyo 132-0033, Japan"
千川２丁目,35.7416,139.69177,"2 Chome Senkawa, Toshima City, Tokyo 171-0041, Japan"
加賀団地,35.79438,139.7618,"Japan, 〒123-0862 Tōkyō-to, Adachi City, Saranuma, 1-chōme−18, 加賀団地（バス）"
武蔵小杉駅,35.576633,139.65947,"Musashi-Kosugi Station, 3 Chome-492 Kosugimachi, Nakahara Ward, Kawasaki, Kanagawa 211-0063, Japan"
等々力7丁目,35.614838,139.65605,"7 Chome Todoroki, Setagaya City, Tokyo 158-0082, Japan"
農大一高前,35.639959999999995,139.6368,"Nodaiichikomae Bus Stop, 3-chōme-8 Sakura, Setagaya City, Tōkyō-to 156-0053, Japan"
三ツ塚,35.723,139.5667,"Mitsuzuka Bus Stop, 4-chōme-25 Sekimachiminami, Nerima City, Tōkyō-to 177-0053, Japan"
石神井公園駅南口,35.7433,139.6064,"Shakujii Koen Ekiminamiguchi Bus Stop, 3-chōme-22 Shakujiimachi, Nerima City, Tōkyō-to 177-0041, Japan"
病院前,35.7833,139.7655,"2-chōme-12 Yazaike, Adachi City, Tōkyō-to 123-0863"
池上三,35.5754,139.7007,"3 Chome Ikegami Ota City, Tokyo 146-0082"
桜小学校,35.643035999999995,139.64523,"2 Chome-4-15 Setagaya, Setagaya City, Tokyo 154-0017, Japan"
東砂６北,35.672073,139.84322,"6 Chome Higashisuna, Koto City, Tokyo 136-0074, Japan"
小豆沢,35.7776,139.70006999999998,"Azusawa, Itabashi City, Tokyo 174-0051, Japan"
広町住宅,35.68439,139.6612,"Hiromachijutaku Bus Stop, 5-chōme-25 Minamidai, Nakano City, Tōkyō-to 164-0014, Japan"
谷河内テニスコート,35.70125,139.89883,"2 Chome-9-１９ Yagouchi, Edogawa City, Tokyo 133-0002, Japan"
京葉口,35.703,139.8899,"Keiyoguchi Bus Stop, 2-chōme-2 Niihori, Edogawa City, Tōkyō-to 132-0001, Japan"
清水三丁目,35.71754,139.6178,"3 Chome Shimizu, Suginami City, Tokyo 167-0033, Japan"
東葛西九,35.65396,139.88416999999998,"9 Chome Higashikasai, Edogawa City, Tokyo 134-0084, Japan"
若葉町2丁目,35.65759,139.58848999999998,"2 Chome Wakabacho, Chofu, Tokyo 182-0003, Japan"
園芸高校前,35.61698,139.6505,"Engeikokomae Bus Stop, 8-chōme-23 Todoroki, Setagaya City, Tōkyō-to 158-0082, Japan"
野沢三丁目,35.630559999999996,139.67519,"3 Chome Nozawa, Setagaya City, Tokyo 154-0003, Japan"
北小岩七,35.744343,139.89185,"7 Chome Kitakoiwa, Edogawa City, Tokyo 133-0051, Japan"
第四葛西小,35.658928,139.87093000000002,"8 Chome-8-1 Nakakasai, Edogawa City, Tokyo 134-0083, Japan"
鹿本中学校,35.7184,139.8768,"1 Chome-36-1 Matsumoto, Edogawa City, Tokyo 133-0043"
西葛西六,35.66672,139.85857,"Nishikasai, Edogawa City, Tokyo 134-0088, Japan"
氷川神社前＜足立区＞,35.812523,139.77046,"Japan, 尾久橋通り 氷川神社前(足立区)［東武バス］"
北砂２丁目,35.681824,139.82594,"2 Chome Kitasuna, Koto City, Tokyo 136-0073, Japan"
足立六中入口,35.759609999999995,139.7789,"Japan, 〒123-0856 Tōkyō-to, Adachi City, Motoki Nishimachi, 4, 足立六中入口（バス）"
和田掘り公園入口,35.685223,139.64056000000002,"Wadabori Park, 2 Chome-23 Omiya, Suginami City, Tokyo 168-0061, Japan"
東京都人権プラザ,35.65287,139.75156,"Japan, 〒105-0014 Tokyo, Minato City, Shiba, 2 Chome−5−６ 256 スクエアビル1・2階"
花保会館前,35.79052,139.8222,"Kahokaikanzen Bus Stop, 3-chōme-4 Minamihanahata, Adachi City, Tōkyō-to 121-0062, Japan"
大森日赤前,35.580420000000004,139.7185,"Omorinissekimae Bus Stop, 1-chōme-7 Chūō, Ota City, Tōkyō-to 143-0024, Japan"
梅島第二小学校通り,35.765159999999995,139.7933,"Japan, 〒123-0851 Tōkyō-to, Adachi City, Umeda, 4-chōme−14, 梅島第二小学校通り（バス）"
東砂六,35.672073,139.84322,"6 Chome Higashisuna, Koto City, Tokyo 136-0074, Japan"
奥戸四丁目,35.72869,139.8656,"4 Chome Okudo, Katsushika City, Tokyo 124-0022, Japan"
清水二丁目,35.7148,139.6144,"1-chōme-40 Momoi, Suginami City, Tōkyō-to 167-0034"
和田,35.7489,139.6077,"2-chōme-32 Shakujiimachi, Nerima City, Tōkyō-to 177-0041"
コーシャハイム南葛西,35.64359,139.8726,"Japan, 〒134-0085 Tōkyō-to, Edogawa City, Minamikasai, 5-chōme−17, コーシャハイム南葛西（バス）"
小学校通り,35.65801,139.8756,"Japan, 〒134-0084 Tōkyō-to, Edogawa City, Higashikasai, 8-chōme−5, 小学校通り（バス）"
津田山駅,35.603603,139.60072,"Tsudayama Station, Japan"
新田,35.854122,139.79543,"Shinden Station, Japan"
皿沼一丁目,35.792114,139.76328999999998,"1 Chome Saranuma, Adachi City, Tokyo 123-0862, Japan"
南長崎三丁目,35.725159999999995,139.68794,"3 Chome Minaminagasaki, Toshima City, Tokyo 171-0052, Japan"
下馬6丁目,35.629807,139.67902,"6 Chome Shimouma, Setagaya City, Tokyo 154-0002, Japan"
関原三丁目,35.771217,139.78694,"3 Chome Sekibara, Adachi City, Tokyo 123-0852, Japan"
篠崎町1丁目,35.710148,139.90979,"1 Chome Shinozakimachi, Edogawa City, Tokyo 133-0061, Japan"
土支田二丁目,35.763690000000004,139.6097,"Doshida Nichome Bus Stop, 2-chōme-42 Doshida, Nerima City, Tōkyō-to 179-0076, Japan"
川崎大師駅,35.535683,139.72615,"Kawasaki-Daishi Station, Japan"
都営住宅（バス）,35.78338,139.8163,"Toei Jutaku Bus Stop, 2-chōme-8 Rokuchō, Adachi City, Tōkyō-to 121-0073, Japan"
総合スポーツセンター,35.79218,139.81377,"2 Chome-27-１ Higashihokima, Adachi City, Tokyo 121-0063, Japan"
下小岩小,35.727936,139.88268,"7 Chome-8-1 Minamikoiwa, Edogawa City, Tokyo 133-0056, Japan"
東小岩二,35.72699,139.89441000000002,"2 Chome Higashikoiwa, Edogawa City, Tokyo 133-0052, Japan"
成田東3丁目,35.694305,139.63692,"3 Chome Naritahigashi, Suginami City, Tokyo 166-0015, Japan"
等々力７丁目,35.614838,139.65605,"7 Chome Todoroki, Setagaya City, Tokyo 158-0082, Japan"
松本小,35.7152,139.8841,"6 Chome-9-１ Shishibone, Edogawa City, Tokyo 133-0073"
目白台一丁目,35.714417,139.72113000000002,"1 Chome Mejirodai, Bunkyo City, Tokyo 112-0015, Japan"
東京ビッグサイト駅,35.630245,139.79148999999998,"Tokyo Big Sight Station, Japan"
野沢三,35.630559999999996,139.67519,"3 Chome Nozawa, Setagaya City, Tokyo 154-0003, Japan"
下馬六,35.629807,139.67902,"6 Chome Shimouma, Setagaya City, Tokyo 154-0002, Japan"
吉祥寺通り入り口,35.72214,139.5821,"Kichijojidoriiriguchi Bus Stop, 3-chōme-6 Sekimachiminami, Nerima City, Tōkyō-to 177-0053, Japan"
北砂六,35.682983,139.83745,"6 Chome Kitasuna, Koto City, Tokyo 136-0073, Japan"
民家園,35.622,139.6179,"2 Chome-19-1 Okamoto, Setagaya City, Tokyo 157-0076"
東小松川一丁目,35.70049,139.86688,"1 Chome Higashikomatsugawa, Edogawa City, Tokyo 132-0033, Japan"
野毛二,35.601795,139.64075,"2 Chome Noge, Setagaya City, Tokyo 158-0092, Japan"
弥生町三丁目,35.68792,139.67519,"3 Chome Yayoicho, Nakano City, Tokyo 164-0013, Japan"
榎北,35.66059,139.6031,"Enokikita Bus Stop, 3-chōme-12 Kasuya, Setagaya City, Tōkyō-to 157-0063, Japan"
池上警察署,35.57435,139.69861,"3 Chome-20-１０ Ikegami, Ota City, Tokyo 146-0082, Japan"
西が丘,35.767956,139.71028,"Nishigaoka, Kita City, Tokyo 115-0056, Japan"
成田西子供園前,35.69055,139.63138,"1 Chome-28-６ Naritanishi, Suginami City, Tokyo 166-0016, Japan"
